26.0536,10.764,12.6067,10.2742,11.6939,17.587,13.3262,8.70714,7.1221,10.7379,33.6449,29.1554,0.153985,1
24.2944,12.6067,10.2742,11.6939,17.587,13.3262,8.70714,7.1221,10.7379,10.2452,34.5748,26.5672,0.301409,1
22.3364,10.2742,11.6939,17.587,13.3262,8.70714,7.1221,10.7379,10.2452,9.97833,39.5551,28.1052,0.407393,1
21.0063,11.6939,17.587,13.3262,8.70714,7.1221,10.7379,10.2452,9.97833,9.49083,42.607,30.9614,0.376133,1
20.6572,17.587,13.3262,8.70714,7.1221,10.7379,10.2452,9.97833,9.49083,9.72815,39.6203,29.7143,0.333373,1
21.0963,13.3262,8.70714,7.1221,10.7379,10.2452,9.97833,9.49083,9.72815,7.88631,29.1554,29.1973,-0.00143515,1
21.5428,8.70714,7.1221,10.7379,10.2452,9.97833,9.49083,9.72815,7.88631,8.5448,26.5672,27.1053,-0.0198527,1
21.0126,7.1221,10.7379,10.2452,9.97833,9.49083,9.72815,7.88631,8.5448,7.46217,28.1052,26.1593,0.0743878,1
19.4216,10.7379,10.2452,9.97833,9.49083,9.72815,7.88631,8.5448,7.46217,11.636,30.9614,23.8933,0.295822,1
18.0034,10.2452,9.97833,9.49083,9.72815,7.88631,8.5448,7.46217,11.636,10.526,29.7143,27.643,0.0749329,1
17.8192,9.97833,9.49083,9.72815,7.88631,8.5448,7.46217,11.636,10.526,8.43273,29.1973,29.6242,-0.0144099,1
18.6954,9.49083,9.72815,7.88631,8.5448,7.46217,11.636,10.526,8.43273,7.98879,27.1053,30.5948,-0.114054,1
19.8776,9.72815,7.88631,8.5448,7.46217,11.636,10.526,8.43273,7.98879,7.25121,26.1593,26.9476,-0.0292532,1
20.754,7.88631,8.5448,7.46217,11.636,10.526,8.43273,7.98879,7.25121,7.4212,23.8933,23.6727,0.00931633,1
20.7283,8.5448,7.46217,11.636,10.526,8.43273,7.98879,7.25121,7.4212,6.78406,27.643,22.6612,0.219836,1
20.0358,7.46217,11.636,10.526,8.43273,7.98879,7.25121,7.4212,6.78406,8.44038,29.6242,21.4565,0.380665,1
18.9407,11.636,10.526,8.43273,7.98879,7.25121,7.4212,6.78406,8.44038,8.32971,30.5948,22.6456,0.351022,1
17.7788,10.526,8.43273,7.98879,7.25121,7.4212,6.78406,8.44038,8.32971,8.52032,26.9476,23.5542,0.144068,1
17.643,8.43273,7.98879,7.25121,7.4212,6.78406,8.44038,8.32971,8.52032,9.06946,23.6727,25.2904,-0.0639641,1
18.1263,7.98879,7.25121,7.4212,6.78406,8.44038,8.32971,8.52032,9.06946,8.86087,22.6612,25.9195,-0.125708,1
18.9556,7.25121,7.4212,6.78406,8.44038,8.32971,8.52032,9.06946,8.86087,9.14692,21.4565,26.4506,-0.188811,1
19.5112,7.4212,6.78406,8.44038,8.32971,8.52032,9.06946,8.86087,9.14692,7.52542,22.6456,27.0772,-0.163665,1
19.4518,6.78406,8.44038,8.32971,8.52032,9.06946,8.86087,9.14692,7.52542,8.65077,23.5542,25.5332,-0.0775089,1
19.2191,8.44038,8.32971,8.52032,9.06946,8.86087,9.14692,7.52542,8.65077,15.5938,25.2904,25.3231,-0.00129099,1
19.8768,8.32971,8.52032,9.06946,8.86087,9.14692,7.52542,8.65077,15.5938,14.8958,25.9195,31.7699,-0.18415,1
21.218,8.52032,9.06946,8.86087,9.14692,7.52542,8.65077,15.5938,14.8958,10.0001,26.4506,39.1404,-0.32421,1
22.8654,9.06946,8.86087,9.14692,7.52542,8.65077,15.5938,14.8958,10.0001,9.20275,27.0772,40.4897,-0.331256,1
24.3947,8.86087,9.14692,7.52542,8.65077,15.5938,14.8958,10.0001,9.20275,8.93788,25.5332,34.0987,-0.251197,1
25.35,9.14692,7.52542,8.65077,15.5938,14.8958,10.0001,9.20275,8.93788,7.94608,25.3231,28.1407,-0.100126,1
25.4868,7.52542,8.65077,15.5938,14.8958,10.0001,9.20275,8.93788,7.94608,7.73759,31.7699,26.0867,0.217859,1
24.3836,8.65077,15.5938,14.8958,10.0001,9.20275,8.93788,7.94608,7.73759,7.26915,39.1404,24.6215,0.589679,1
22.1692,15.5938,14.8958,10.0001,9.20275,8.93788,7.94608,7.73759,7.26915,6.8734,40.4897,22.9528,0.764041,1
19.5614,14.8958,10.0001,9.20275,8.93788,7.94608,7.73759,7.26915,6.8734,7.03064,34.0987,21.8801,0.558431,1
18.1229,10.0001,9.20275,8.93788,7.94608,7.73759,7.26915,6.8734,7.03064,7.74386,28.1407,21.1732,0.329074,1
17.6855,9.20275,8.93788,7.94608,7.73759,7.26915,6.8734,7.03064,7.74386,7.98223,26.0867,21.6479,0.205046,1
18.0363,8.93788,7.94608,7.73759,7.26915,6.8734,7.03064,7.74386,7.98223,11.1777,24.6215,22.7567,0.0819457,1
19.3635,7.94608,7.73759,7.26915,6.8734,7.03064,7.74386,7.98223,11.1777,11.9843,22.9528,26.9038,-0.146855,1
21.1784,7.73759,7.26915,6.8734,7.03064,7.74386,7.98223,11.1777,11.9843,10.2254,21.8801,31.1442,-0.297457,1
22.5947,7.26915,6.8734,7.03064,7.74386,7.98223,11.1777,11.9843,10.2254,7.37942,21.1732,33.3873,-0.365832,1
22.9581,6.8734,7.03064,7.74386,7.98223,11.1777,11.9843,10.2254,7.37942,7.11313,21.6479,29.5891,-0.268382,1
22.4694,7.03064,7.74386,7.98223,11.1777,11.9843,10.2254,7.37942,7.11313,9.25421,22.7567,24.7179,-0.0793428,1
21.2652,7.74386,7.98223,11.1777,11.9843,10.2254,7.37942,7.11313,9.25421,7.22676,26.9038,23.7468,0.132945,1
19.5503,7.98223,11.1777,11.9843,10.2254,7.37942,7.11313,9.25421,7.22676,6.40829,31.1442,23.5941,0.32,1
17.9855,11.1777,11.9843,10.2254,7.37942,7.11313,9.25421,7.22676,6.40829,8.30432,33.3873,22.8893,0.458647,1
17.1884,11.9843,10.2254,7.37942,7.11313,9.25421,7.22676,6.40829,8.30432,8.21627,29.5891,21.9394,0.348675,1
17.5706,10.2254,7.37942,7.11313,9.25421,7.22676,6.40829,8.30432,8.21627,6.69267,24.7179,22.9289,0.0780254,1
18.4624,7.37942,7.11313,9.25421,7.22676,6.40829,8.30432,8.21627,6.69267,6.1954,23.7468,23.2133,0.0229825,1
19.0513,7.11313,9.25421,7.22676,6.40829,8.30432,8.21627,6.69267,6.1954,6.75113,23.5941,21.1043,0.117974,1
18.7435,9.25421,7.22676,6.40829,8.30432,8.21627,6.69267,6.1954,6.75113,5.9766,22.8893,19.6392,0.165488,1
17.9152,7.22676,6.40829,8.30432,8.21627,6.69267,6.1954,6.75113,5.9766,6.06897,21.9394,18.9231,0.159394,1
17.017,6.40829,8.30432,8.21627,6.69267,6.1954,6.75113,5.9766,6.06897,5.46524,22.9289,18.7967,0.219835,1
16.0584,8.30432,8.21627,6.69267,6.1954,6.75113,5.9766,6.06897,5.46524,5.29123,23.2133,17.5108,0.325653,1
15.1437,8.21627,6.69267,6.1954,6.75113,5.9766,6.06897,5.46524,5.29123,6.02496,21.1043,16.8254,0.254311,1
14.9117,6.69267,6.1954,6.75113,5.9766,6.06897,5.46524,5.29123,6.02496,7.63405,19.6392,16.7814,0.170294,1
15.4846,6.1954,6.75113,5.9766,6.06897,5.46524,5.29123,6.02496,7.63405,8.37449,18.9231,18.9502,-0.00143044,1
16.4947,6.75113,5.9766,6.06897,5.46524,5.29123,6.02496,7.63405,8.37449,8.59742,18.7967,22.0335,-0.146903,1
17.7475,5.9766,6.06897,5.46524,5.29123,6.02496,7.63405,8.37449,8.59742,9.80375,17.5108,24.606,-0.288351,1
18.9763,6.06897,5.46524,5.29123,6.02496,7.63405,8.37449,8.59742,9.80375,9.56927,16.8254,26.7757,-0.371614,1
19.9484,5.46524,5.29123,6.02496,7.63405,8.37449,8.59742,9.80375,9.56927,7.53901,16.7814,27.9704,-0.40003,1
20.3776,5.29123,6.02496,7.63405,8.37449,8.59742,9.80375,9.56927,7.53901,6.25331,18.9502,26.912,-0.295845,1
20.1657,6.02496,7.63405,8.37449,8.59742,9.80375,9.56927,7.53901,6.25331,6.72996,22.0335,23.3616,-0.0568493,1
19.4307,7.63405,8.37449,8.59742,9.80375,9.56927,7.53901,6.25331,6.72996,6.55092,24.606,20.5223,0.198988,1
18.3628,8.37449,8.59742,9.80375,9.56927,7.53901,6.25331,6.72996,6.55092,5.69518,26.7757,19.5342,0.370708,1
17.2234,8.59742,9.80375,9.56927,7.53901,6.25331,6.72996,6.55092,5.69518,6.19147,27.9704,18.9761,0.473986,1
16.2038,9.80375,9.56927,7.53901,6.25331,6.72996,6.55092,5.69518,6.19147,5.62512,26.912,18.4376,0.459631,1
15.6571,9.56927,7.53901,6.25331,6.72996,6.55092,5.69518,6.19147,5.62512,6.81648,23.3616,17.5118,0.334051,1
16.0876,7.53901,6.25331,6.72996,6.55092,5.69518,6.19147,5.62512,6.81648,8.47657,20.5223,18.6331,0.10139,1
17.4398,6.25331,6.72996,6.55092,5.69518,6.19147,5.62512,6.81648,8.47657,9.61293,19.5342,20.9182,-0.0661618,1
19.0171,6.72996,6.55092,5.69518,6.19147,5.62512,6.81648,8.47657,9.61293,9.02547,18.9761,24.906,-0.238092,1
20.2158,6.55092,5.69518,6.19147,5.62512,6.81648,8.47657,9.61293,9.02547,7.10148,18.4376,27.115,-0.320023,1
20.7109,5.69518,6.19147,5.62512,6.81648,8.47657,9.61293,9.02547,7.10148,5.62726,17.5118,25.7399,-0.319664,1
20.3173,6.19147,5.62512,6.81648,8.47657,9.61293,9.02547,7.10148,5.62726,5.63099,18.6331,21.7542,-0.143473,1
19.2172,5.62512,6.81648,8.47657,9.61293,9.02547,7.10148,5.62726,5.63099,6.00155,20.9182,18.3597,0.13935,1
17.7016,6.81648,8.47657,9.61293,9.02547,7.10148,5.62726,5.63099,6.00155,5.00318,24.906,17.2598,0.443005,1
15.9248,8.47657,9.61293,9.02547,7.10148,5.62726,5.63099,6.00155,5.00318,5.14527,27.115,16.6357,0.629925,1
14.3623,9.61293,9.02547,7.10148,5.62726,5.63099,6.00155,5.00318,5.14527,6.15359,25.7399,16.15,0.5938,1
13.9937,9.02547,7.10148,5.62726,5.63099,6.00155,5.00318,5.14527,6.15359,9.43365,21.7542,16.302,0.334448,1
15.3702,7.10148,5.62726,5.63099,6.00155,5.00318,5.14527,6.15359,9.43365,11.1841,18.3597,20.7325,-0.114447,1
17.9202,5.62726,5.63099,6.00155,5.00318,5.14527,6.15359,9.43365,11.1841,12.1836,17.2598,26.7713,-0.355288,1
20.7324,5.63099,6.00155,5.00318,5.14527,6.15359,9.43365,11.1841,12.1836,11.0201,16.6357,32.8014,-0.492835,1
23.1276,6.00155,5.00318,5.14527,6.15359,9.43365,11.1841,12.1836,11.0201,8.90064,16.15,34.3878,-0.530357,1
24.8446,5.00318,5.14527,6.15359,9.43365,11.1841,12.1836,11.0201,8.90064,7.79973,16.302,32.1044,-0.492217,1
25.4306,5.14527,6.15359,9.43365,11.1841,12.1836,11.0201,8.90064,7.79973,5.40718,20.7325,27.7205,-0.252087,1
24.4658,6.15359,9.43365,11.1841,12.1836,11.0201,8.90064,7.79973,5.40718,4.5832,26.7713,22.1076,0.210959,1
21.9155,9.43365,11.1841,12.1836,11.0201,8.90064,7.79973,5.40718,4.5832,4.96362,32.8014,17.7901,0.843798,1
18.3214,11.1841,12.1836,11.0201,8.90064,7.79973,5.40718,4.5832,4.96362,8.03639,34.3878,14.954,1.29957,1
15.4353,12.1836,11.0201,8.90064,7.79973,5.40718,4.5832,4.96362,8.03639,11.5336,32.1044,17.5832,0.825854,1
15.3901,11.0201,8.90064,7.79973,5.40718,4.5832,4.96362,8.03639,11.5336,12.6242,27.7205,24.5336,0.129896,1
18.1206,8.90064,7.79973,5.40718,4.5832,4.96362,8.03639,11.5336,12.6242,10.6222,22.1076,32.1942,-0.313307,1
20.3602,7.79973,5.40718,4.5832,4.96362,8.03639,11.5336,12.6242,10.6222,3.60309,17.7901,34.78,-0.488496,1
22.4029,5.40718,4.5832,4.96362,8.03639,11.5336,12.6242,10.6222,3.60309,8.15614,14.954,26.8495,-0.443043,1
23.5283,4.5832,4.96362,8.03639,11.5336,12.6242,10.6222,3.60309,8.15614,6.83885,17.5832,22.3814,-0.214384,1
23.469,4.96362,8.03639,11.5336,12.6242,10.6222,3.60309,8.15614,6.83885,5.66805,24.5336,18.5981,0.319149,1
22.1168,8.03639,11.5336,12.6242,10.6222,3.60309,8.15614,6.83885,5.66805,3.19405,32.1942,20.663,0.558059,1
19.3437,11.5336,12.6242,10.6222,3.60309,8.15614,6.83885,5.66805,3.19405,3.30942,34.78,15.7009,1.21515,1
15.8097,12.6242,10.6222,3.60309,8.15614,6.83885,5.66805,3.19405,3.30942,5.72834,26.8495,12.1715,1.20593,1
12.8575,10.6222,3.60309,8.15614,6.83885,5.66805,3.19405,3.30942,5.72834,7.21825,22.3814,12.2318,0.829773,1
11.6436,3.60309,8.15614,6.83885,5.66805,3.19405,3.30942,5.72834,7.21825,6.16493,18.5981,16.256,0.144074,1
12.018,8.15614,6.83885,5.66805,3.19405,3.30942,5.72834,7.21825,6.16493,5.22787,20.663,19.1115,0.0811823,1
12.6744,6.83885,5.66805,3.19405,3.30942,5.72834,7.21825,6.16493,5.22787,7.34523,15.7009,18.6111,-0.156365,1
14.7271,5.66805,3.19405,3.30942,5.72834,7.21825,6.16493,5.22787,7.34523,9.23488,12.1715,18.738,-0.350438,1
16.8891,3.19405,3.30942,5.72834,7.21825,6.16493,5.22787,7.34523,9.23488,7.41519,12.2318,21.808,-0.439114,1
18.4424,3.30942,5.72834,7.21825,6.16493,5.22787,7.34523,9.23488,7.41519,7.1554,16.256,23.9953,-0.322534,1
19.4988,5.72834,7.21825,6.16493,5.22787,7.34523,9.23488,7.41519,7.1554,8.71697,19.1115,23.8055,-0.19718,1
20.3726,7.21825,6.16493,5.22787,7.34523,9.23488,7.41519,7.1554,8.71697,9.25955,18.6111,23.2876,-0.200816,1
21.1916,6.16493,5.22787,7.34523,9.23488,7.41519,7.1554,8.71697,9.25955,8.44882,18.738,25.1319,-0.254413,1
21.6461,5.22787,7.34523,9.23488,7.41519,7.1554,8.71697,9.25955,8.44882,5.87502,21.808,26.4253,-0.174732,1
21.2396,7.34523,9.23488,7.41519,7.1554,8.71697,9.25955,8.44882,5.87502,3.38052,23.9953,23.5834,0.0174663,1
19.8474,9.23488,7.41519,7.1554,8.71697,9.25955,8.44882,5.87502,3.38052,2.78448,23.8055,17.7044,0.344611,1
17.7846,7.41519,7.1554,8.71697,9.25955,8.44882,5.87502,3.38052,2.78448,4.06957,23.2876,12.04,0.934179,1
15.6734,7.1554,8.71697,9.25955,8.44882,5.87502,3.38052,2.78448,4.06957,5.64827,25.1319,10.2346,1.45559,1
13.6197,8.71697,9.25955,8.44882,5.87502,3.38052,2.78448,4.06957,5.64827,5.17795,26.4253,12.5023,1.11363,1
12.0069,9.25955,8.44882,5.87502,3.38052,2.78448,4.06957,5.64827,5.17795,5.02833,23.5834,14.8958,0.583225,1
11.4921,8.44882,5.87502,3.38052,2.78448,4.06957,5.64827,5.17795,5.02833,4.96654,17.7044,15.8545,0.116674,1
11.9118,5.87502,3.38052,2.78448,4.06957,5.64827,5.17795,5.02833,4.96654,4.19167,12.04,15.1728,-0.206474,1
12.4563,3.38052,2.78448,4.06957,5.64827,5.17795,5.02833,4.96654,4.19167,3.54842,10.2346,14.1865,-0.278572,1
12.9803,2.78448,4.06957,5.64827,5.17795,5.02833,4.96654,4.19167,3.54842,5.5444,12.5023,12.7066,-0.0160792,1
13.617,4.06957,5.64827,5.17795,5.02833,4.96654,4.19167,3.54842,5.5444,7.07275,14.8958,13.2845,0.121292,1
14.4271,5.64827,5.17795,5.02833,4.96654,4.19167,3.54842,5.5444,7.07275,7.80698,15.8545,16.1656,-0.0192399,1
15.4897,5.17795,5.02833,4.96654,4.19167,3.54842,5.5444,7.07275,7.80698,7.85887,15.1728,20.4241,-0.257113,1
16.6287,5.02833,4.96654,4.19167,3.54842,5.5444,7.07275,7.80698,7.85887,6.59643,14.1865,22.7386,-0.376103,1
17.388,4.96654,4.19167,3.54842,5.5444,7.07275,7.80698,7.85887,6.59643,4.72425,12.7066,22.2623,-0.42923,1
17.7075,4.19167,3.54842,5.5444,7.07275,7.80698,7.85887,6.59643,4.72425,4.24765,13.2845,19.1796,-0.307362,1
17.6015,3.54842,5.5444,7.07275,7.80698,7.85887,6.59643,4.72425,4.24765,4.41675,16.1656,15.5683,0.0383627,1
17.1191,5.5444,7.07275,7.80698,7.85887,6.59643,4.72425,4.24765,4.41675,4.95239,20.4241,13.3886,0.525481,1
15.8537,7.07275,7.80698,7.85887,6.59643,4.72425,4.24765,4.41675,4.95239,3.74581,22.7386,13.6168,0.669895,1
14.0878,7.80698,7.85887,6.59643,4.72425,4.24765,4.41675,4.95239,3.74581,4.2651,22.2623,13.1149,0.697474,1
12.3141,7.85887,6.59643,4.72425,4.24765,4.41675,4.95239,3.74581,4.2651,5.08322,19.1796,12.9633,0.479528,1
10.9436,6.59643,4.72425,4.24765,4.41675,4.95239,3.74581,4.2651,5.08322,4.88446,15.5683,13.0941,0.188955,1
10.5177,4.72425,4.24765,4.41675,4.95239,3.74581,4.2651,5.08322,4.88446,6.73203,13.3886,14.2328,-0.0593092,1
11.1624,4.24765,4.41675,4.95239,3.74581,4.2651,5.08322,4.88446,6.73203,7.69887,13.6168,16.6997,-0.184609,1
12.4178,4.41675,4.95239,3.74581,4.2651,5.08322,4.88446,6.73203,7.69887,6.73897,13.1149,19.3154,-0.32101,1
13.851,4.95239,3.74581,4.2651,5.08322,4.88446,6.73203,7.69887,6.73897,5.75971,12.9633,21.1699,-0.387654,1
15.3398,3.74581,4.2651,5.08322,4.88446,6.73203,7.69887,6.73897,5.75971,5.90736,13.0941,20.1976,-0.351697,1
16.414,4.2651,5.08322,4.88446,6.73203,7.69887,6.73897,5.75971,5.90736,5.49753,14.2328,18.406,-0.226733,1
16.9282,5.08322,4.88446,6.73203,7.69887,6.73897,5.75971,5.90736,5.49753,5.09928,16.6997,17.1646,-0.027084,1
16.9053,4.88446,6.73203,7.69887,6.73897,5.75971,5.90736,5.49753,5.09928,4.95294,19.3154,16.5042,0.170333,1
16.3461,6.73203,7.69887,6.73897,5.75971,5.90736,5.49753,5.09928,4.95294,4.30501,21.1699,15.5497,0.361429,1
15.1808,7.69887,6.73897,5.75971,5.90736,5.49753,5.09928,4.95294,4.30501,3.31342,20.1976,14.3572,0.406787,1
13.7052,6.73897,5.75971,5.90736,5.49753,5.09928,4.95294,4.30501,3.31342,2.58758,18.406,12.5714,0.464125,1
12.2,5.75971,5.90736,5.49753,5.09928,4.95294,4.30501,3.31342,2.58758,2.3344,17.1646,10.206,0.681815,1
10.8726,5.90736,5.49753,5.09928,4.95294,4.30501,3.31342,2.58758,2.3344,3.93213,16.5042,8.2354,1.00405,1
10.0357,5.49753,5.09928,4.95294,4.30501,3.31342,2.58758,2.3344,3.93213,5.53862,15.5497,8.85411,0.756219,1
9.93572,5.09928,4.95294,4.30501,3.31342,2.58758,2.3344,3.93213,5.53862,5.49573,14.3572,11.8052,0.216183,1
10.2329,4.95294,4.30501,3.31342,2.58758,2.3344,3.93213,5.53862,5.49573,4.75923,12.5714,14.9665,-0.160032,1
10.8843,4.30501,3.31342,2.58758,2.3344,3.93213,5.53862,5.49573,4.75923,5.74721,10.206,15.7936,-0.353788,1
12.1189,3.31342,2.58758,2.3344,3.93213,5.53862,5.49573,4.75923,5.74721,7.65878,8.2354,16.0022,-0.485357,1
13.7602,2.58758,2.3344,3.93213,5.53862,5.49573,4.75923,5.74721,7.65878,8.20078,8.85411,18.1652,-0.512579,1
15.2452,2.3344,3.93213,5.53862,5.49573,4.75923,5.74721,7.65878,8.20078,6.69276,11.8052,21.6068,-0.453636,1
16.2109,3.93213,5.53862,5.49573,4.75923,5.74721,7.65878,8.20078,6.69276,5.32925,14.9665,22.5523,-0.336367,1
16.5625,5.53862,5.49573,4.75923,5.74721,7.65878,8.20078,6.69276,5.32925,4.17056,15.7936,20.2228,-0.219021,1
16.4542,5.49573,4.75923,5.74721,7.65878,8.20078,6.69276,5.32925,4.17056,3.78042,16.0022,16.1926,-0.011759,1
15.9662,4.75923,5.74721,7.65878,8.20078,6.69276,5.32925,4.17056,3.78042,3.58385,18.1652,13.2802,0.367839,1
14.9492,5.74721,7.65878,8.20078,6.69276,5.32925,4.17056,3.78042,3.58385,3.35982,21.6068,11.5348,0.873175,1
13.5088,7.65878,8.20078,6.69276,5.32925,4.17056,3.78042,3.58385,3.35982,3.19775,22.5523,10.7241,1.10296,1
11.767,8.20078,6.69276,5.32925,4.17056,3.78042,3.58385,3.35982,3.19775,1.76306,20.2228,10.1414,0.994081,1
9.96442,6.69276,5.32925,4.17056,3.78042,3.58385,3.35982,3.19775,1.76306,0.262318,16.1926,8.32062,0.946077,1
8.30424,5.32925,4.17056,3.78042,3.58385,3.35982,3.19775,1.76306,0.262318,0.28773,13.2802,5.22312,1.54258,1
6.77928,4.17056,3.78042,3.58385,3.35982,3.19775,1.76306,0.262318,0.28773,0.446319,11.5348,2.31311,3.98673,1
5.43521,3.78042,3.58385,3.35982,3.19775,1.76306,0.262318,0.28773,0.446319,1.13796,10.7241,0.996367,9.7632,1
4.20518,3.58385,3.35982,3.19775,1.76306,0.262318,0.28773,0.446319,1.13796,1.18833,10.1414,1.87201,4.4174,1
3.33859,3.35982,3.19775,1.76306,0.262318,0.28773,0.446319,1.13796,1.18833,2.52113,8.32062,2.77261,2.00101,1
3.16286,3.19775,1.76306,0.262318,0.28773,0.446319,1.13796,1.18833,2.52113,2.49153,5.22312,4.84741,0.0775074,1
3.62056,1.76306,0.262318,0.28773,0.446319,1.13796,1.18833,2.52113,2.49153,2.15874,2.31311,6.20098,-0.626977,1
4.31013,0.262318,0.28773,0.446319,1.13796,1.18833,2.52113,2.49153,2.15874,1.9582,0.996367,7.17139,-0.861064,1
5.04357,0.28773,0.446319,1.13796,1.18833,2.52113,2.49153,2.15874,1.9582,2.47163,1.87201,6.60847,-0.716726,1
5.73178,0.446319,1.13796,1.18833,2.52113,2.49153,2.15874,1.9582,2.47163,2.67693,2.77261,6.58857,-0.579179,1
6.55196,1.13796,1.18833,2.52113,2.49153,2.15874,1.9582,2.47163,2.67693,4.10408,4.84741,7.10676,-0.317915,1
7.98895,1.18833,2.52113,2.49153,2.15874,1.9582,2.47163,2.67693,4.10408,7.19706,6.20098,9.25265,-0.329815,1
10.5402,2.52113,2.49153,2.15874,1.9582,2.47163,2.67693,4.10408,7.19706,10.6002,7.17139,13.9781,-0.486954,1
13.5371,2.49153,2.15874,1.9582,2.47163,2.67693,4.10408,7.19706,10.6002,10.1303,6.60847,21.9013,-0.698261,1
16.5615,2.15874,1.9582,2.47163,2.67693,4.10408,7.19706,10.6002,10.1303,8.99564,6.58857,27.9275,-0.764083,1
18.8854,1.9582,2.47163,2.67693,4.10408,7.19706,10.6002,10.1303,8.99564,5.762,7.10676,29.7261,-0.760925,1
19.9373,2.47163,2.67693,4.10408,7.19706,10.6002,10.1303,8.99564,5.762,1.59743,9.25265,24.8879,-0.628228,1
19.7299,2.67693,4.10408,7.19706,10.6002,10.1303,8.99564,5.762,1.59743,0.0503238,13.9781,16.3551,-0.145337,1
18.4492,4.10408,7.19706,10.6002,10.1303,8.99564,5.762,1.59743,0.0503238,0.0164877,21.9013,7.40976,1.95574,1
16.086,7.19706,10.6002,10.1303,8.99564,5.762,1.59743,0.0503238,0.0164877,0.0259322,27.9275,1.66425,15.7809,1
12.6754,10.6002,10.1303,8.99564,5.762,1.59743,0.0503238,0.0164877,0.0259322,0.325517,29.7261,0.0927437,319.519,1
8.65607,10.1303,8.99564,5.762,1.59743,0.0503238,0.0164877,0.0259322,0.325517,0.404614,24.8879,0.367937,66.6419,4
5.00534,8.99564,5.762,1.59743,0.0503238,0.0164877,0.0259322,0.325517,0.404614,1.38152,16.3551,0.756064,20.6319,4
2.41761,5.762,1.59743,0.0503238,0.0164877,0.0259322,0.325517,0.404614,1.38152,2.67798,7.40976,2.11166,2.50898,4
2.74818,1.59743,0.0503238,0.0164877,0.0259322,0.325517,0.404614,1.38152,2.67798,4.07821,1.66425,4.46411,-0.627195,5
4.47779,0.0503238,0.0164877,0.0259322,0.325517,0.404614,1.38152,2.67798,4.07821,5.01637,0.0927437,8.13771,-0.988603,5
6.44608,0.0164877,0.0259322,0.325517,0.404614,1.38152,2.67798,4.07821,5.01637,5.56982,0.367937,11.7726,-0.968746,5
8.48053,0.0259322,0.325517,0.404614,1.38152,2.67798,4.07821,5.01637,5.56982,5.50651,0.756064,14.6644,-0.948442,5
10.3181,0.325517,0.404614,1.38152,2.67798,4.07821,5.01637,5.56982,5.50651,4.79308,2.11166,16.0927,-0.868782,5
11.5127,0.404614,1.38152,2.67798,4.07821,5.01637,5.56982,5.50651,4.79308,2.51024,4.46411,15.8694,-0.718697,1
11.895,1.38152,2.67798,4.07821,5.01637,5.56982,5.50651,4.79308,2.51024,0.704583,8.13771,12.8098,-0.364729,1
11.4536,2.67798,4.07821,5.01637,5.56982,5.50651,4.79308,2.51024,0.704583,0.0437839,11.7726,8.0079,0.470118,1
10.2873,4.07821,5.01637,5.56982,5.50651,4.79308,2.51024,0.704583,0.0437839,0.0305788,14.6644,3.2586,3.50021,4
8.56171,5.01637,5.56982,5.50651,4.79308,2.51024,0.704583,0.0437839,0.0305788,0.0550724,16.0927,0.778946,19.6596,4
6.52184,5.56982,5.50651,4.79308,2.51024,0.704583,0.0437839,0.0305788,0.0550724,0.0946664,15.8694,0.129435,121.605,4
4.41218,5.50651,4.79308,2.51024,0.704583,0.0437839,0.0305788,0.0550724,0.0946664,0.0758891,12.8098,0.180318,70.0404,4
2.49032,4.79308,2.51024,0.704583,0.0437839,0.0305788,0.0550724,0.0946664,0.0758891,0.0117521,8.0079,0.225628,34.4916,4
0.995392,2.51024,0.704583,0.0437839,0.0305788,0.0550724,0.0946664,0.0758891,0.0117521,0.029867,3.2586,0.182308,16.8742,4
0.261119,0.704583,0.0437839,0.0305788,0.0550724,0.0946664,0.0758891,0.0117521,0.029867,0.0449904,0.778946,0.117508,5.62887,2
0.140047,0.0437839,0.0305788,0.0550724,0.0946664,0.0758891,0.0117521,0.029867,0.0449904,0.245468,0.129435,0.0866095,0.494467,2
0.271273,0.0305788,0.0550724,0.0946664,0.0758891,0.0117521,0.029867,0.0449904,0.245468,0.540827,0.180318,0.320325,-0.43708,2
0.45365,0.0550724,0.0946664,0.0758891,0.0117521,0.029867,0.0449904,0.245468,0.540827,0.552303,0.225628,0.831286,-0.72858,2
0.748045,0.0946664,0.0758891,0.0117521,0.029867,0.0449904,0.245468,0.540827,0.552303,0.939833,0.182308,1.3386,-0.863807,2
1.29377,0.0758891,0.0117521,0.029867,0.0449904,0.245468,0.540827,0.552303,0.939833,1.81223,0.117508,2.03296,-0.942199,5
2.69459,0.0117521,0.029867,0.0449904,0.245468,0.540827,0.552303,0.939833,1.81223,4.83524,0.0866095,3.30437,-0.973789,5
5.15116,0.029867,0.0449904,0.245468,0.540827,0.552303,0.939833,1.81223,4.83524,7.818,0.320325,7.58731,-0.957781,5
7.93519,0.0449904,0.245468,0.540827,0.552303,0.939833,1.81223,4.83524,7.818,7.5739,0.831286,14.4655,-0.942533,5
10.5234,0.245468,0.540827,0.552303,0.939833,1.81223,4.83524,7.818,7.5739,6.16685,1.3386,20.2271,-0.933822,5
12.6675,0.540827,0.552303,0.939833,1.81223,4.83524,7.818,7.5739,6.16685,4.92608,2.03296,21.5588,-0.905701,1
13.9477,0.552303,0.939833,1.81223,4.83524,7.818,7.5739,6.16685,4.92608,2.13643,3.30437,18.6668,-0.822982,1
14.3334,0.939833,1.81223,4.83524,7.818,7.5739,6.16685,4.92608,2.13643,0.726325,7.58731,13.2294,-0.42648,1
13.8441,1.81223,4.83524,7.818,7.5739,6.16685,4.92608,2.13643,0.726325,0.301629,14.4655,7.78884,0.857205,1
12.4479,4.83524,7.818,7.5739,6.16685,4.92608,2.13643,0.726325,0.301629,0.0287202,20.2271,3.16439,5.39212,1
10.0886,7.818,7.5739,6.16685,4.92608,2.13643,0.726325,0.301629,0.0287202,0.121418,21.5588,1.05667,19.4025,4
7.17627,7.5739,6.16685,4.92608,2.13643,0.726325,0.301629,0.0287202,0.121418,0.176079,18.6668,0.451767,40.3196,4
4.51799,6.16685,4.92608,2.13643,0.726325,0.301629,0.0287202,0.121418,0.176079,0.0578399,13.2294,0.326217,39.5539,4
2.41967,4.92608,2.13643,0.726325,0.301629,0.0287202,0.121418,0.176079,0.0578399,0.0957952,7.78884,0.355337,20.9196,4
0.921511,2.13643,0.726325,0.301629,0.0287202,0.121418,0.176079,0.0578399,0.0957952,0.223847,3.16439,0.329714,8.59737,4
0.387306,0.726325,0.301629,0.0287202,0.121418,0.176079,0.0578399,0.0957952,0.223847,0.394555,1.05667,0.377482,1.79927,2
0.495464,0.301629,0.0287202,0.121418,0.176079,0.0578399,0.0957952,0.223847,0.394555,0.693054,0.451767,0.714197,-0.367448,2
0.888152,0.0287202,0.121418,0.176079,0.0578399,0.0957952,0.223847,0.394555,0.693054,1.30428,0.326217,1.31146,-0.751256,5
1.56574,0.121418,0.176079,0.0578399,0.0957952,0.223847,0.394555,0.693054,1.30428,2.21035,0.355337,2.39189,-0.851441,5
2.67513,0.176079,0.0578399,0.0957952,0.223847,0.394555,0.693054,1.30428,2.21035,3.55059,0.329714,4.20769,-0.92164,5
4.15317,0.0578399,0.0957952,0.223847,0.394555,0.693054,1.30428,2.21035,3.55059,4.44371,0.377482,7.06522,-0.946572,5
5.95408,0.0957952,0.223847,0.394555,0.693054,1.30428,2.21035,3.55059,4.44371,5.27004,0.714197,10.2046,-0.930013,5
8.08609,0.223847,0.394555,0.693054,1.30428,2.21035,3.55059,4.44371,5.27004,6.43071,1.31146,13.2643,-0.901129,5
10.2441,0.394555,0.693054,1.30428,2.21035,3.55059,4.44371,5.27004,6.43071,6.15266,2.39189,16.1445,-0.851844,1
11.7184,0.693054,1.30428,2.21035,3.55059,4.44371,5.27004,6.43071,6.15266,2.96501,4.20769,17.8534,-0.76432,1
12.2614,1.30428,2.21035,3.55059,4.44371,5.27004,6.43071,6.15266,2.96501,0.522123,7.06522,15.5484,-0.545598,1
12.0051,2.21035,3.55059,4.44371,5.27004,6.43071,6.15266,2.96501,0.522123,0.193469,10.2046,9.63979,0.0585962,1
11.037,3.55059,4.44371,5.27004,6.43071,6.15266,2.96501,0.522123,0.193469,0.135177,13.2643,3.6806,2.60385,1
9.4647,4.44371,5.27004,6.43071,6.15266,2.96501,0.522123,0.193469,0.135177,0.275368,16.1445,0.850768,17.9763,4
7.47377,5.27004,6.43071,6.15266,2.96501,0.522123,0.193469,0.135177,0.275368,0.541843,17.8534,0.604013,28.558,4
5.23063,6.43071,6.15266,2.96501,0.522123,0.193469,0.135177,0.275368,0.541843,0.511688,15.5484,0.952388,15.3257,4
2.94463,6.15266,2.96501,0.522123,0.193469,0.135177,0.275368,0.541843,0.511688,0.799876,9.63979,1.3289,6.25397,4
1.31298,2.96501,0.522123,0.193469,0.135177,0.275368,0.541843,0.511688,0.799876,0.525501,3.6806,1.85341,0.985855,4
1.13534,0.522123,0.193469,0.135177,0.275368,0.541843,0.511688,0.799876,0.525501,0.402782,0.850768,1.83706,-0.536887,5
1.50403,0.193469,0.135177,0.275368,0.541843,0.511688,0.799876,0.525501,0.402782,1.62465,0.604013,1.72816,-0.650488,5
2.17896,0.135177,0.275368,0.541843,0.511688,0.799876,0.525501,0.402782,1.62465,2.52343,0.952388,2.55293,-0.626943,5
3.3011,0.275368,0.541843,0.511688,0.799876,0.525501,0.402782,1.62465,2.52343,3.91726,1.3289,4.55086,-0.70799,5
5.08062,0.541843,0.511688,0.799876,0.525501,0.402782,1.62465,2.52343,3.91726,5.96269,1.85341,8.06534,-0.770201,5
7.93076,0.511688,0.799876,0.525501,0.402782,1.62465,2.52343,3.91726,5.96269,9.45987,1.83706,12.4034,-0.85189,5
11.5761,0.799876,0.525501,0.402782,1.62465,2.52343,3.91726,5.96269,9.45987,11.0211,1.72816,19.3398,-0.910642,1
15.0913,0.525501,0.402782,1.62465,2.52343,3.91726,5.96269,9.45987,11.0211,9.06424,2.55293,26.4436,-0.903458,1
17.9226,0.402782,1.62465,2.52343,3.91726,5.96269,9.45987,11.0211,9.06424,6.46841,4.55086,29.5452,-0.845969,1
19.7479,1.62465,2.52343,3.91726,5.96269,9.45987,11.0211,9.06424,6.46841,4.24848,8.06534,26.5537,-0.696263,1
20.4551,2.52343,3.91726,5.96269,9.45987,11.0211,9.06424,6.46841,4.24848,3.14511,12.4034,19.7811,-0.372969,1
20.0214,3.91726,5.96269,9.45987,11.0211,9.06424,6.46841,4.24848,3.14511,1.87219,19.3398,13.862,0.395168,1
18.4726,5.96269,9.45987,11.0211,9.06424,6.46841,4.24848,3.14511,1.87219,1.40363,26.4436,9.26578,1.8539,1
15.8904,9.45987,11.0211,9.06424,6.46841,4.24848,3.14511,1.87219,1.40363,1.17096,29.5452,6.42093,3.60139,1
12.4076,11.0211,9.06424,6.46841,4.24848,3.14511,1.87219,1.40363,1.17096,0.243116,26.5537,4.44678,4.97146,1
8.82566,9.06424,6.46841,4.24848,3.14511,1.87219,1.40363,1.17096,0.243116,0.0852157,19.7811,2.8177,6.0203,4
5.96942,6.46841,4.24848,3.14511,1.87219,1.40363,1.17096,0.243116,0.0852157,0.030989,13.862,1.49929,8.24572,4
3.94095,4.24848,3.14511,1.87219,1.40363,1.17096,0.243116,0.0852157,0.030989,0.177074,9.26578,0.359321,24.7869,4
2.55072,3.14511,1.87219,1.40363,1.17096,0.243116,0.0852157,0.030989,0.177074,0.172046,6.42093,0.293279,20.8936,4
1.56639,1.87219,1.40363,1.17096,0.243116,0.0852157,0.030989,0.177074,0.172046,0.195718,4.44678,0.380109,10.6987,4
0.964162,1.40363,1.17096,0.243116,0.0852157,0.030989,0.177074,0.172046,0.195718,0.281635,2.8177,0.544839,4.17163,4
0.583413,1.17096,0.243116,0.0852157,0.030989,0.177074,0.172046,0.195718,0.281635,0.261325,1.49929,0.649399,1.30873,2
0.496948,0.243116,0.0852157,0.030989,0.177074,0.172046,0.195718,0.281635,0.261325,0.417184,0.359321,0.738678,-0.513562,2
0.702787,0.0852157,0.030989,0.177074,0.172046,0.195718,0.281635,0.261325,0.417184,0.899128,0.293279,0.960144,-0.694547,2
1.10591,0.030989,0.177074,0.172046,0.195718,0.281635,0.261325,0.417184,0.899128,1.40712,0.380109,1.57764,-0.759064,5
1.92815,0.177074,0.172046,0.195718,0.281635,0.261325,0.417184,0.899128,1.40712,2.83949,0.544839,2.72344,-0.799944,5
3.25494,0.172046,0.195718,0.281635,0.261325,0.417184,0.899128,1.40712,2.83949,4.24613,0.649399,5.14574,-0.873799,5
5.06297,0.195718,0.281635,0.261325,0.417184,0.899128,1.40712,2.83949,4.24613,5.50303,0.738678,8.49274,-0.913022,5
7.29542,0.281635,0.261325,0.417184,0.899128,1.40712,2.83949,4.24613,5.50303,6.72658,0.960144,12.5886,-0.923729,5
9.61279,0.261325,0.417184,0.899128,1.40712,2.83949,4.24613,5.50303,6.72658,6.4458,1.57764,16.4757,-0.904245,5
11.4919,0.417184,0.899128,1.40712,2.83949,4.24613,5.50303,6.72658,6.4458,4.37781,2.72344,18.6754,-0.85417,1
12.5498,0.899128,1.40712,2.83949,4.24613,5.50303,6.72658,6.4458,4.37781,1.75663,5.14574,17.5502,-0.706799,1
12.7094,1.40712,2.83949,4.24613,5.50303,6.72658,6.4458,4.37781,1.75663,0.209063,8.49274,12.5802,-0.324914,1
12.0922,2.83949,4.24613,5.50303,6.72658,6.4458,4.37781,1.75663,0.209063,0.0336116,12.5886,6.3435,0.984495,1
10.7386,4.24613,5.50303,6.72658,6.4458,4.37781,1.75663,0.209063,0.0336116,0.128444,16.4757,1.9993,7.24075,4
8.80052,5.50303,6.72658,6.4458,4.37781,1.75663,0.209063,0.0336116,0.128444,0.212006,18.6754,0.371119,49.3219,4
6.46195,6.72658,6.4458,4.37781,1.75663,0.209063,0.0336116,0.128444,0.212006,0.239267,17.5502,0.374062,45.9179,4
3.98592,6.4458,4.37781,1.75663,0.209063,0.0336116,0.128444,0.212006,0.239267,0.330671,12.5802,0.579717,20.7006,4
1.89885,4.37781,1.75663,0.209063,0.0336116,0.128444,0.212006,0.239267,0.330671,0.368736,6.3435,0.781944,7.11248,4
0.724157,1.75663,0.209063,0.0336116,0.128444,0.212006,0.239267,0.330671,0.368736,0.14633,1.9993,0.938674,1.12992,2
0.617459,0.209063,0.0336116,0.128444,0.212006,0.239267,0.330671,0.368736,0.14633,0.35758,0.371119,0.845736,-0.561188,2
0.747462,0.0336116,0.128444,0.212006,0.239267,0.330671,0.368736,0.14633,0.35758,0.453491,0.374062,0.872645,-0.571347,2
0.848644,0.128444,0.212006,0.239267,0.330671,0.368736,0.14633,0.35758,0.453491,0.396035,0.579717,0.957401,-0.394488,2
1.14458,0.239267,0.330671,0.368736,0.14633,0.35758,0.453491,0.396035,0.735966,0.701887,0.938674,1.58549,-0.407961,5
1.4229,0.330671,0.368736,0.14633,0.35758,0.453491,0.396035,0.735966,0.701887,1.28983,0.845736,1.83389,-0.538829,5
2.00115,0.368736,0.14633,0.35758,0.453491,0.396035,0.735966,0.701887,1.28983,2.3438,0.872645,2.72768,-0.680078,5
3.00155,0.14633,0.35758,0.453491,0.396035,0.735966,0.701887,1.28983,2.3438,3.47958,0.957401,4.33552,-0.779173,5
4.80221,0.35758,0.453491,0.396035,0.735966,0.701887,1.28983,2.3438,3.47958,6.13676,1.20711,7.11321,-0.830301,5
7.78416,0.453491,0.396035,0.735966,0.701887,1.28983,2.3438,3.47958,6.13676,9.84367,1.58549,11.9601,-0.867435,5
10.9737,0.396035,0.735966,0.701887,1.28983,2.3438,3.47958,6.13676,9.84367,8.65119,1.83389,19.46,-0.905761,5
14.0263,0.735966,0.701887,1.28983,2.3438,3.47958,6.13676,9.84367,8.65119,7.90097,2.72768,24.6316,-0.889261,1
16.4751,0.701887,1.28983,2.3438,3.47958,6.13676,9.84367,8.65119,7.90097,5.92371,4.33552,26.3958,-0.83575,1
18.0686,1.28983,2.3438,3.47958,6.13676,9.84367,8.65119,7.90097,5.92371,4.06599,7.11321,22.4759,-0.683518,1
18.4537,2.3438,3.47958,6.13676,9.84367,8.65119,7.90097,5.92371,4.06599,1.31632,11.9601,17.8907,-0.331487,1
17.6443,3.47958,6.13676,9.84367,8.65119,7.90097,5.92371,4.06599,1.31632,0.299707,19.46,11.306,0.721209,1
15.7708,6.13676,9.84367,8.65119,7.90097,5.92371,4.06599,1.31632,0.299707,0.383331,24.6316,5.68201,3.33502,1
12.8669,9.84367,8.65119,7.90097,5.92371,4.06599,1.31632,0.299707,0.383331,0.441842,26.3958,1.99935,12.2022,1
9.3296,8.65119,7.90097,5.92371,4.06599,1.31632,0.299707,0.383331,0.441842,0.506526,22.4759,1.12488,18.9807,4
6.19641,7.90097,5.92371,4.06599,1.31632,0.299707,0.383331,0.441842,0.506526,0.323544,17.8907,1.3317,12.4345,4
3.57732,5.92371,4.06599,1.31632,0.299707,0.383331,0.441842,0.506526,0.323544,0.410542,11.306,1.27191,7.889,4
1.83147,4.06599,1.31632,0.299707,0.383331,0.441842,0.506526,0.323544,0.410542,0.301716,5.68201,1.24061,3.58001,4
1.89012,0.410542,0.301716,0.319068,0.521896,0.494333,0.711273,0.786769,1.17635,1.43336,1.03133,2.67439,-0.61437,5
2.43394,0.301716,0.319068,0.521896,0.494333,0.711273,0.786769,1.17635,1.43336,2.12855,1.14268,3.39648,-0.663569,5
3.38744,0.319068,0.521896,0.494333,0.711273,0.786769,1.17635,1.43336,2.12855,3.58949,1.3353,4.73826,-0.718189,5
4.92923,0.521896,0.494333,0.711273,0.786769,1.17635,1.43336,2.12855,3.58949,5.42713,1.7275,7.15141,-0.758439,5
6.77759,0.494333,0.711273,0.786769,1.17635,1.43336,2.12855,3.58949,5.42713,5.65372,1.99237,11.1452,-0.821234,5
8.12888,0.711273,0.786769,1.17635,1.43336,2.12855,3.58949,5.42713,5.65372,2.56449,2.67439,14.6703,-0.817701,5
8.8905,0.786769,1.17635,1.43336,2.12855,3.58949,5.42713,5.65372,2.56449,1.17071,3.39648,13.6453,-0.751089,5
9.23896,1.17635,1.43336,2.12855,3.58949,5.42713,5.65372,2.56449,1.17071,1.50662,4.73826,9.38891,-0.495334,5
9.11735,1.43336,2.12855,3.58949,5.42713,5.65372,2.56449,1.17071,1.50662,0.928253,7.15141,5.24182,0.3643,4
8.55688,2.12855,3.58949,5.42713,5.65372,2.56449,1.17071,1.50662,0.928253,0.905546,11.1452,3.60558,2.09109,4
7.52426,3.58949,5.42713,5.65372,2.56449,1.17071,1.50662,0.928253,0.905546,0.73558,14.6703,3.34042,3.39177,4
6.00441,5.42713,5.65372,2.56449,1.17071,1.50662,0.928253,0.905546,0.73558,0.376962,13.6453,2.56938,4.31075,4
4.20568,5.65372,2.56449,1.17071,1.50662,0.928253,0.905546,0.73558,0.376962,0.234102,9.38891,2.01809,3.65238,4
2.72016,2.56449,1.17071,1.50662,0.928253,0.905546,0.73558,0.376962,0.234102,0.0978283,5.24182,1.34664,2.8925,4
2.03099,1.17071,1.50662,0.928253,0.905546,0.73558,0.376962,0.234102,0.0978283,0.0723331,3.60558,0.708892,4.08622,4
1.58153,1.50662,0.928253,0.905546,0.73558,0.376962,0.234102,0.0978283,0.0723331,0.018213,3.34042,0.404263,7.26298,4
1.1145,0.928253,0.905546,0.73558,0.376962,0.234102,0.0978283,0.0723331,0.018213,0.127895,2.56938,0.188374,12.6397,4
0.777405,0.905546,0.73558,0.376962,0.234102,0.0978283,0.0723331,0.018213,0.127895,0.0577254,2.01809,0.218441,8.23859,2
0.486805,0.73558,0.376962,0.234102,0.0978283,0.0723331,0.018213,0.127895,0.0577254,0.19756,1.34664,0.203833,5.60659,2
0.302291,0.376962,0.234102,0.0978283,0.0723331,0.018213,0.127895,0.0577254,0.19756,0.175609,0.708892,0.383181,0.850019,2
0.329292,0.234102,0.0978283,0.0723331,0.018213,0.127895,0.0577254,0.19756,0.175609,0.478168,0.404263,0.430894,-0.0618052,2
0.619391,0.0978283,0.0723331,0.018213,0.127895,0.0577254,0.19756,0.175609,0.478168,1.12537,0.188374,0.851338,-0.778731,2
1.12521,0.0723331,0.018213,0.127895,0.0577254,0.19756,0.175609,0.478168,1.12537,1.62049,0.218441,1.77915,-0.877222,5
2.24735,0.018213,0.127895,0.0577254,0.19756,0.175609,0.478168,1.12537,1.62049,3.77024,0.203833,3.22403,-0.936777,5
4.45066,0.127895,0.0577254,0.19756,0.175609,0.478168,1.12537,1.62049,3.77024,7.19326,0.383181,6.5161,-0.941195,5
8.15075,0.0577254,0.19756,0.175609,0.478168,1.12537,1.62049,3.77024,7.19326,11.6947,0.430894,12.584,-0.965759,5
12.2759,0.19756,0.175609,0.478168,1.12537,1.62049,3.77024,7.19326,11.6947,11.1671,0.851338,22.6582,-0.962427,1
15.3979,0.175609,0.478168,1.12537,1.62049,3.77024,7.19326,11.6947,11.1671,5.56881,1.77915,30.0551,-0.940804,1
17.2535,0.478168,1.12537,1.62049,3.77024,7.19326,11.6947,11.1671,5.56881,1.97481,3.22403,28.4306,-0.8866,1
18.1735,1.12537,1.62049,3.77024,7.19326,11.6947,11.1671,5.56881,1.97481,2.40336,6.5161,18.7108,-0.651746,1
18.2381,1.62049,3.77024,7.19326,11.6947,11.1671,5.56881,1.97481,2.40336,2.68476,12.584,9.94699,0.265106,1
17.3215,3.77024,7.19326,11.6947,11.1671,5.56881,1.97481,2.40336,2.68476,1.68661,22.6582,7.06294,2.20804,1
15.2748,7.19326,11.6947,11.1671,5.56881,1.97481,2.40336,2.68476,1.68661,1.28418,30.0551,6.77474,3.43635,1
12.1932,11.6947,11.1671,5.56881,1.97481,2.40336,2.68476,1.68661,1.28418,1.3073,28.4306,5.65556,4.02702,1
8.5117,11.1671,5.56881,1.97481,2.40336,2.68476,1.68661,1.28418,1.3073,0.792984,18.7108,4.2781,3.37362,4
5.63159,5.56881,1.97481,2.40336,2.68476,1.68661,1.28418,1.3073,0.792984,0.0838275,9.94699,3.38447,1.93901,4
4.26666,1.97481,2.40336,2.68476,1.68661,1.28418,1.3073,0.792984,0.0838275,0.244978,7.06294,2.18411,2.23378,4
3.45945,2.40336,2.68476,1.68661,1.28418,1.3073,0.792984,0.0838275,0.244978,0.236258,6.77474,1.12179,5.03922,4
2.54461,2.68476,1.68661,1.28418,1.3073,0.792984,0.0838275,0.244978,0.236258,0.266046,5.65556,0.565064,9.00871,4
1.67016,1.68661,1.28418,1.3073,0.792984,0.0838275,0.244978,0.236258,0.266046,0.508473,4.2781,0.747282,4.72488,4
1.11719,1.28418,1.3073,0.792984,0.0838275,0.244978,0.236258,0.266046,0.508473,0.498931,3.38447,1.01078,2.34838,4
1.40272,0.792984,0.0838275,0.244978,0.236258,0.266046,0.508473,0.498931,1.07593,1.90478,1.12179,2.08333,-0.46154,5
2.33846,0.0838275,0.244978,0.236258,0.266046,0.508473,0.498931,1.07593,1.90478,2.9339,0.565064,3.47964,-0.837609,5
3.72717,0.244978,0.236258,0.266046,0.508473,0.498931,1.07593,1.90478,2.9339,4.46887,0.747282,5.91461,-0.873655,5
5.63004,0.236258,0.266046,0.508473,0.498931,1.07593,1.90478,2.9339,4.46887,6.10211,1.01078,9.30756,-0.891403,5
7.81289,0.266046,0.508473,0.498931,1.07593,1.90478,2.9339,4.46887,6.10211,6.38186,1.27345,13.5049,-0.905704,5
9.74487,0.508473,0.498931,1.07593,1.90478,2.9339,4.46887,6.10211,6.38186,4.70814,2.08333,16.9528,-0.87711,5
11.1122,0.498931,1.07593,1.90478,2.9339,4.46887,6.10211,6.38186,4.70814,2.90953,3.47964,17.1921,-0.797603,1
11.706,1.07593,1.90478,2.9339,4.46887,6.10211,6.38186,4.70814,2.90953,0.873393,5.91461,13.9995,-0.577514,1
11.5177,1.90478,2.9339,4.46887,6.10211,6.38186,4.70814,2.90953,0.873393,0.00759932,9.30756,8.49106,0.0961599,1
10.6384,2.9339,4.46887,6.10211,6.38186,4.70814,2.90953,0.873393,0.00759932,0.107482,13.5049,3.79052,2.5628,1
9.13726,4.46887,6.10211,6.38186,4.70814,2.90953,0.873393,0.00759932,0.107482,0.124453,16.9528,0.988475,16.1505,4
7.10269,6.10211,6.38186,4.70814,2.90953,0.873393,0.00759932,0.107482,0.124453,0.225135,17.1921,0.239534,70.7731,4
4.76395,6.38186,4.70814,2.90953,0.873393,0.00759932,0.107482,0.124453,0.225135,0.0713747,13.9995,0.45707,29.6289,4
2.61404,4.70814,2.90953,0.873393,0.00759932,0.107482,0.124453,0.225135,0.0713747,0.0437739,8.49106,0.420962,19.1706,4
1.11801,2.90953,0.873393,0.00759932,0.107482,0.124453,0.225135,0.0713747,0.0437739,0.0465937,3.79052,0.340284,10.1393,4
0.369744,0.873393,0.00759932,0.107482,0.124453,0.225135,0.0713747,0.0437739,0.0465937,0.484736,0.988475,0.161742,5.11142,1
0.465231,0.00759932,0.107482,0.124453,0.225135,0.0713747,0.0437739,0.0465937,0.484736,0.604197,0.239534,0.575104,-0.583494,1
0.734714,0.107482,0.124453,0.225135,0.0713747,0.0437739,0.0465937,0.484736,0.604197,0.910121,0.45707,1.13553,-0.597482,5
0.965902,0.124453,0.225135,0.0713747,0.0437739,0.0465937,0.484736,0.604197,0.910121,0.634038,0.420962,1.99905,-0.789419,5
1.23935,0.225135,0.0713747,0.0437739,0.0465937,0.484736,0.604197,0.910121,0.634038,0.870837,0.340284,2.14836,-0.841607,5
1.56185,0.0713747,0.0437739,0.0465937,0.484736,0.604197,0.910121,0.634038,0.870837,1.07482,0.161742,2.415,-0.933026,5
2.27206,0.0437739,0.0465937,0.484736,0.604197,0.910121,0.634038,0.870837,1.07482,2.83197,0.575104,2.57969,-0.777065,5
4.15208,0.0465937,0.484736,0.604197,0.910121,0.634038,0.870837,1.07482,2.83197,6.89938,1.13553,4.77762,-0.762324,5
7.61729,0.484736,0.604197,0.910121,0.634038,0.870837,1.07482,2.83197,6.89938,11.3981,1.99905,10.8062,-0.815008,5
11.5206,0.604197,0.910121,0.634038,0.870837,1.07482,2.83197,6.89938,11.3981,10.775,2.14836,21.1294,-0.898324,5
14.9278,0.910121,0.634038,0.870837,1.07482,2.83197,6.89938,11.3981,10.775,7.68671,2.415,29.0725,-0.916932,5
17.1919,0.634038,0.870837,1.07482,2.83197,6.89938,11.3981,10.775,7.68671,3.43202,2.57969,29.8598,-0.913607,5
18.2703,0.870837,1.07482,2.83197,6.89938,11.3981,10.775,7.68671,3.43202,0.992049,4.77762,21.8938,-0.781782,1
18.2999,1.07482,2.83197,6.89938,11.3981,10.775,7.68671,3.43202,0.992049,0.715188,10.8062,12.1108,-0.107724,1
17.2876,2.83197,6.89938,11.3981,10.775,7.68671,3.43202,0.992049,0.715188,0.368545,21.1294,5.13926,3.11137,1
15.0895,6.89938,11.3981,10.775,7.68671,3.43202,0.992049,0.715188,0.368545,0.0954683,29.0725,2.07578,13.0056,4
11.6749,11.3981,10.775,7.68671,3.43202,0.992049,0.715188,0.368545,0.0954683,0.208177,29.8598,1.1792,24.3221,4
7.52663,10.775,7.68671,3.43202,0.992049,0.715188,0.368545,0.0954683,0.208177,0.185223,21.8938,0.672191,31.5708,4
3.97643,7.68671,3.43202,0.992049,0.715188,0.368545,0.0954683,0.208177,0.185223,0.21875,12.1108,0.488868,23.7731,4
1.65213,3.43202,0.992049,0.715188,0.368545,0.0954683,0.208177,0.185223,0.21875,0.23291,5.13926,0.61215,7.39542,4
0.765298,0.992049,0.715188,0.368545,0.0954683,0.208177,0.185223,0.21875,0.23291,0.526889,2.07578,0.636883,2.25928,2
0.700919,0.715188,0.368545,0.0954683,0.208177,0.185223,0.21875,0.23291,0.526889,0.632703,1.1792,0.978549,0.205052,2
0.86662,0.368545,0.0954683,0.208177,0.185223,0.21875,0.23291,0.526889,0.632703,0.727661,0.672191,1.3925,-0.517279,2
1.22278,0.0954683,0.208177,0.185223,0.21875,0.23291,0.526889,0.632703,0.727661,1.29642,0.488868,1.88725,-0.740963,5
1.73948,0.208177,0.185223,0.21875,0.23291,0.526889,0.632703,0.727661,1.29642,1.74634,0.61215,2.65679,-0.76959,5
2.37616,0.185223,0.21875,0.23291,0.526889,0.632703,0.727661,1.29642,1.74634,2.00859,0.636883,3.77042,-0.831084,5
3.10069,0.21875,0.23291,0.526889,0.632703,0.727661,1.29642,1.74634,2.00859,2.19778,0.978549,5.05134,-0.806279,5
3.88163,0.23291,0.526889,0.632703,0.727661,1.29642,1.74634,2.00859,2.19778,2.46594,1.3925,5.9527,-0.766072,5
4.74597,0.526889,0.632703,0.727661,1.29642,1.74634,2.00859,2.19778,2.46594,2.97768,1.88725,6.6723,-0.717151,5
5.73238,0.632703,0.727661,1.29642,1.74634,2.00859,2.19778,2.46594,2.97768,3.68671,2.65679,7.6414,-0.652317,5
6.94919,0.727661,1.29642,1.74634,2.00859,2.19778,2.46594,2.97768,3.68671,4.74529,3.77042,9.13033,-0.587045,1
8.41589,1.29642,1.74634,2.00859,2.19778,2.46594,2.97768,3.68671,4.74529,5.68627,5.05134,11.4097,-0.557276,1
10.0242,1.74634,2.00859,2.19778,2.46594,2.97768,3.68671,4.74529,5.68627,6.16073,5.9527,14.1183,-0.578369,1
11.5957,2.00859,2.19778,2.46594,2.97768,3.68671,4.74529,5.68627,6.16073,5.80858,6.6723,16.5923,-0.597867,1
12.6102,2.19778,2.46594,2.97768,3.68671,4.74529,5.68627,6.16073,5.80858,3.13423,7.6414,17.6556,-0.567196,1
12.8871,2.46594,2.97768,3.68671,4.74529,5.68627,6.16073,5.80858,3.13423,1.23189,9.13033,15.1035,-0.395484,1
12.4606,2.97768,3.68671,4.74529,5.68627,6.16073,5.80858,3.13423,1.23189,0.41106,11.4097,10.1747,0.121377,1
11.4074,3.68671,4.74529,5.68627,6.16073,5.80858,3.13423,1.23189,0.41106,0.188256,14.1183,4.77718,1.95535,1
9.81951,4.74529,5.68627,6.16073,5.80858,3.13423,1.23189,0.41106,0.188256,0.119859,16.5923,1.83121,8.06085,4
7.80961,5.68627,6.16073,5.80858,3.13423,1.23189,0.41106,0.188256,0.119859,0.182357,17.6556,0.719175,23.5497,4
5.56579,6.16073,5.80858,3.13423,1.23189,0.41106,0.188256,0.119859,0.182357,0.0421817,15.1035,0.490473,29.7938,4
3.36983,5.80858,3.13423,1.23189,0.41106,0.188256,0.119859,0.182357,0.0421817,0.135835,10.1747,0.344398,28.5434,4
1.57668,3.13423,1.23189,0.41106,0.188256,0.119859,0.182357,0.0421817,0.135835,0.188125,4.77718,0.360374,12.2562,4
0.680564,1.23189,0.41106,0.188256,0.119859,0.182357,0.0421817,0.135835,0.188125,0.368225,1.83121,0.366142,4.00136,2
0.429533,0.41106,0.188256,0.119859,0.182357,0.0421817,0.135835,0.188125,0.368225,0.326486,0.719175,0.692185,0.0389932,2
0.515979,0.188256,0.119859,0.182357,0.0421817,0.135835,0.188125,0.368225,0.326486,0.748198,0.490473,0.882836,-0.444435,2
0.843698,0.119859,0.182357,0.0421817,0.135835,0.188125,0.368225,0.326486,0.748198,1.34276,0.344398,1.44291,-0.761317,2
1.75516,0.182357,0.0421817,0.135835,0.188125,0.368225,0.326486,0.748198,1.34276,3.12597,0.360374,2.41745,-0.850928,2
3.29508,0.0421817,0.135835,0.188125,0.368225,0.326486,0.748198,1.34276,3.12597,4.81067,0.366142,5.21693,-0.929817,5
5.28949,0.135835,0.188125,0.368225,0.326486,0.748198,1.34276,3.12597,4.81067,5.89969,0.692185,9.2794,-0.925406,5
7.76635,0.188125,0.368225,0.326486,0.748198,1.34276,3.12597,4.81067,5.89969,7.28542,0.882836,13.8363,-0.936194,5
10.5689,0.368225,0.326486,0.748198,1.34276,3.12597,4.81067,5.89969,7.28542,8.04212,1.44291,17.9958,-0.91982,5
13.5323,0.326486,0.748198,1.34276,3.12597,4.81067,5.89969,7.28542,8.04212,8.68366,2.41745,21.2272,-0.886116,5
16.3395,0.748198,1.34276,3.12597,4.81067,5.89969,7.28542,8.04212,8.68366,8.21647,5.21693,24.0112,-0.78273,5
18.463,1.34276,3.12597,4.81067,5.89969,7.28542,8.04212,8.68366,8.21647,6.19253,9.2794,24.9422,-0.627964,5
19.6237,3.12597,4.81067,5.89969,7.28542,8.04212,8.68366,8.21647,6.19253,4.42801,13.8363,23.0926,-0.400834,1
19.6534,4.81067,5.89969,7.28542,8.04212,8.68366,8.21647,6.19253,4.42801,2.89507,17.9958,18.837,-0.0446582,1
16.7164,7.28542,8.04212,8.68366,8.21647,6.19253,4.42801,2.89507,1.98712,0.36473,24.0112,9.31021,1.57902,4
14.0502,8.04212,8.68366,8.21647,6.19253,4.42801,2.89507,1.98712,0.36473,0.0289384,24.9422,5.24693,3.75369,4
11.0174,8.68366,8.21647,6.19253,4.42801,2.89507,1.98712,0.36473,0.0289384,0.114205,23.0926,2.38079,8.69956,4
7.90637,8.21647,6.19253,4.42801,2.89507,1.98712,0.36473,0.0289384,0.114205,0.0779576,18.837,0.507873,36.09,4
5.14578,6.19253,4.42801,2.89507,1.98712,0.36473,0.0289384,0.114205,0.0779576,0.0631428,13.5156,0.221101,60.1288,4
3.07411,4.42801,2.89507,1.98712,0.36473,0.0289384,0.114205,0.0779576,0.0631428,0.0507874,9.31021,0.255305,35.467,4
1.61743,2.89507,1.98712,0.36473,0.0289384,0.114205,0.0779576,0.0631428,0.0507874,0.0529797,5.24693,0.191888,26.3437,4
0.688785,1.98712,0.36473,0.0289384,0.114205,0.0779576,0.0631428,0.0507874,0.0529797,0.0887905,2.38079,0.16691,13.2639,4
0.173226,0.36473,0.0289384,0.114205,0.0779576,0.0631428,0.0507874,0.0529797,0.0887905,0.0358771,0.507873,0.192558,1.63751,2
0.150973,0.0289384,0.114205,0.0779576,0.0631428,0.0507874,0.0529797,0.0887905,0.0358771,0.0228398,0.221101,0.177647,0.244605,2
0.150355,0.114205,0.0779576,0.0631428,0.0507874,0.0529797,0.0887905,0.0358771,0.0228398,0.128808,0.255305,0.147507,0.730796,2
0.136918,0.0779576,0.0631428,0.0507874,0.0529797,0.0887905,0.0358771,0.0228398,0.128808,0.0430644,0.191888,0.187525,0.023266,2
0.124178,0.0631428,0.0507874,0.0529797,0.0887905,0.0358771,0.0228398,0.128808,0.0430644,0.0169812,0.16691,0.194712,-0.142786,2
0.109632,0.0507874,0.0529797,0.0887905,0.0358771,0.0228398,0.128808,0.0430644,0.0169812,0.0137124,0.192558,0.188854,0.019613,2
0.0989478,0.0529797,0.0887905,0.0358771,0.0228398,0.128808,0.0430644,0.0169812,0.0137124,0.0452836,0.177647,0.073758,1.40852,2
0.121945,0.0887905,0.0358771,0.0228398,0.128808,0.0430644,0.0169812,0.0137124,0.0452836,0.211138,0.147507,0.0759772,0.941468,2
0.130354,0.0358771,0.0228398,0.128808,0.0430644,0.0169812,0.0137124,0.0452836,0.211138,0.0183303,0.187525,0.270134,-0.305809,2
0.13714,0.0228398,0.128808,0.0430644,0.0169812,0.0137124,0.0452836,0.211138,0.0183303,0.0467218,0.194712,0.274752,-0.291318,2
0.133344,0.128808,0.0430644,0.0169812,0.0137124,0.0452836,0.211138,0.0183303,0.0467218,0.0211324,0.188854,0.276191,-0.31622,2
0.145668,0.0430644,0.0169812,0.0137124,0.0452836,0.211138,0.0183303,0.0467218,0.0211324,0.164368,0.073758,0.0861845,-0.144185,2
0.15931,0.0169812,0.0137124,0.0452836,0.211138,0.0183303,0.0467218,0.0211324,0.164368,0.0311154,0.0759772,0.232222,-0.672826,2
0.179722,0.0137124,0.0452836,0.211138,0.0183303,0.0467218,0.0211324,0.164368,0.0311154,0.142733,0.270134,0.216616,0.247066,2
0.184198,0.0452836,0.211138,0.0183303,0.0467218,0.0211324,0.164368,0.0311154,0.142733,0.0871062,0.274752,0.338217,-0.187644,2
0.177785,0.211138,0.0183303,0.0467218,0.0211324,0.164368,0.0311154,0.142733,0.0871062,0.0682346,0.276191,0.260955,0.0583854,2
0.185304,0.0183303,0.0467218,0.0211324,0.164368,0.0311154,0.142733,0.0871062,0.0682346,0.170087,0.0861845,0.298074,-0.710862,2
0.239691,0.0467218,0.0211324,0.164368,0.0311154,0.142733,0.0871062,0.0682346,0.170087,0.21608,0.232222,0.325428,-0.286409,2
0.291857,0.0211324,0.164368,0.0311154,0.142733,0.0871062,0.0682346,0.170087,0.21608,0.178979,0.216616,0.454402,-0.523294,2
0.325924,0.164368,0.0311154,0.142733,0.0871062,0.0682346,0.170087,0.21608,0.178979,0.0993187,0.338217,0.565146,-0.401541,2
0.332484,0.0311154,0.142733,0.0871062,0.0682346,0.170087,0.21608,0.178979,0.0993187,0.127568,0.260955,0.494378,-0.472155,2
0.347015,0.142733,0.0871062,0.0682346,0.170087,0.21608,0.178979,0.0993187,0.127568,0.113248,0.298074,0.405865,-0.265583,2
0.352747,0.0871062,0.0682346,0.170087,0.21608,0.178979,0.0993187,0.127568,0.113248,0.13494,0.325428,0.340135,-0.0432383,2
0.348124,0.0682346,0.170087,0.21608,0.178979,0.0993187,0.127568,0.113248,0.13494,0.0479452,0.454402,0.375756,0.2093,2
0.329739,0.170087,0.21608,0.178979,0.0993187,0.127568,0.113248,0.13494,0.0479452,0.121835,0.565146,0.296134,0.908413,2
0.30041,0.21608,0.178979,0.0993187,0.127568,0.113248,0.13494,0.0479452,0.121835,0.138052,0.494378,0.30472,0.622398,2
0.289348,0.178979,0.0993187,0.127568,0.113248,0.13494,0.0479452,0.121835,0.138052,0.192522,0.405865,0.307832,0.318464,2
0.274796,0.0993187,0.127568,0.113248,0.13494,0.0479452,0.121835,0.138052,0.192522,0.0517741,0.340135,0.452408,-0.248168,2
0.264331,0.127568,0.113248,0.13494,0.0479452,0.121835,0.138052,0.192522,0.0517741,0.0290579,0.375756,0.382347,-0.0172382,2
0.244772,0.113248,0.13494,0.0479452,0.121835,0.138052,0.192522,0.0517741,0.0290579,0.0171036,0.296134,0.273353,0.083337,2
0.211217,0.13494,0.0479452,0.121835,0.138052,0.192522,0.0517741,0.0290579,0.0171036,0.0478005,0.30472,0.0979356,2.11144,2
0.175972,0.0479452,0.121835,0.138052,0.192522,0.0517741,0.0290579,0.0171036,0.0478005,0.00300738,0.307832,0.093962,2.27613,2
0.148243,0.121835,0.138052,0.192522,0.0517741,0.0290579,0.0171036,0.0478005,0.00300738,0.0169558,0.452408,0.0679115,5.66173,2
0.106564,0.138052,0.192522,0.0517741,0.0290579,0.0171036,0.0478005,0.00300738,0.0169558,0.054991,0.382347,0.0677637,4.64236,2
0.0716916,0.192522,0.0517741,0.0290579,0.0171036,0.0478005,0.00300738,0.0169558,0.054991,0.048036,0.273353,0.0749542,2.64694,2
0.0560054,0.0517741,0.0290579,0.0171036,0.0478005,0.00300738,0.0169558,0.054991,0.048036,0.028578,0.0979356,0.119983,-0.183753,2
0.0507188,0.0290579,0.0171036,0.0478005,0.00300738,0.0169558,0.054991,0.048036,0.028578,0.00525244,0.093962,0.131605,-0.28603,2
0.0512099,0.0171036,0.0478005,0.00300738,0.0169558,0.054991,0.048036,0.028578,0.00525244,0.0121867,0.0679115,0.0818664,-0.170459,2
0.0498373,0.0478005,0.00300738,0.0169558,0.054991,0.048036,0.028578,0.00525244,0.0121867,0.0339326,0.0677637,0.0460171,0.472575,2
0.0558803,0.00300738,0.0169558,0.054991,0.048036,0.028578,0.00525244,0.0121867,0.0339326,0.0797791,0.0749542,0.0513718,0.459055,2
0.0592632,0.0169558,0.054991,0.048036,0.028578,0.00525244,0.0121867,0.0339326,0.0797791,0.0103351,0.119983,0.125898,-0.0469868,2
0.0596842,0.054991,0.048036,0.028578,0.00525244,0.0121867,0.0339326,0.0797791,0.0103351,0.0268307,0.131605,0.124047,0.0609301,2
0.0513783,0.048036,0.028578,0.00525244,0.0121867,0.0339326,0.0797791,0.0103351,0.0268307,0.00943439,0.0818664,0.116945,-0.299958,2
0.0462403,0.028578,0.00525244,0.0121867,0.0339326,0.0797791,0.0103351,0.0268307,0.00943439,0.0195871,0.0460171,0.0466002,-0.012513,2
0.0555148,0.00525244,0.0121867,0.0339326,0.0797791,0.0103351,0.0268307,0.00943439,0.0195871,0.0873254,0.0513718,0.0558522,-0.08022,2
0.0580761,0.0121867,0.0339326,0.0797791,0.0103351,0.0268307,0.00943439,0.0195871,0.0873254,0.00987616,0.125898,0.116347,0.0820948,2
0.0562488,0.0339326,0.0797791,0.0103351,0.0268307,0.00943439,0.0195871,0.0873254,0.00987616,0.024115,0.124047,0.116789,0.0621472,2
2.64178,0.0103351,0.0268307,0.00943439,0.0195871,0.0873254,0.00987616,0.024115,4.18685,3.98552,0.0466002,4.22085,-0.988959,3
2.70181,0.0268307,0.00943439,0.0195871,0.0873254,0.00987616,0.024115,4.18685,3.98552,9.14491,0.0558522,8.19649,-0.993186,3
2.78689,0.00943439,0.0195871,0.0873254,0.00987616,0.024115,4.18685,3.98552,9.14491,4.58368,0.116347,17.3173,-0.993281,3
2.83502,0.0195871,0.0873254,0.00987616,0.024115,4.18685,3.98552,9.14491,4.58368,4.05921,0.116789,17.7141,-0.993407,3
2.87384,0.0873254,0.00987616,0.024115,4.18685,3.98552,9.14491,4.58368,4.05921,0.121592,0.121317,17.7878,-0.99318,3
2.90147,0.00987616,0.024115,4.18685,3.98552,9.14491,4.58368,4.05921,0.121592,4.27431,4.22085,8.76447,-0.518414,3
3.01423,0.024115,4.18685,3.98552,9.14491,4.58368,4.05921,0.121592,4.27431,5.00994,8.19649,8.45511,-0.0305876,3
2.97925,4.18685,3.98552,9.14491,4.58368,4.05921,0.121592,4.27431,5.00994,4.24,17.3173,9.40584,0.84112,3
2.98971,3.98552,9.14491,4.58368,4.05921,0.121592,4.27431,5.00994,4.24,2.87044,17.7141,13.5243,0.309804,3
3.00454,9.14491,4.58368,4.05921,0.121592,4.27431,5.00994,4.24,2.87044,0.991979,17.7878,12.1204,0.467594,3
2.75802,4.58368,4.05921,0.121592,4.27431,5.00994,4.24,2.87044,0.991979,8.11203,8.76447,8.10242,0.0817105,3
2.71654,4.05921,0.121592,4.27431,5.00994,4.24,2.87044,0.991979,8.11203,7.43181,8.45511,11.9745,-0.293904,3
3.16246,0.121592,4.27431,5.00994,4.24,2.87044,0.991979,8.11203,7.43181,7.46902,9.40584,16.5358,-0.431184,3
3.06914,4.27431,5.00994,4.24,2.87044,0.991979,8.11203,7.43181,7.46902,4.35579,13.5243,23.0129,-0.412318,3
2.99981,5.00994,4.24,2.87044,0.991979,8.11203,7.43181,7.46902,4.35579,2.57692,12.1204,19.2566,-0.370586,3
3.12242,4.24,2.87044,0.991979,8.11203,7.43181,7.46902,4.35579,2.57692,5.00884,8.10242,14.4017,-0.437399,3
2.97567,2.87044,0.991979,8.11203,7.43181,7.46902,4.35579,2.57692,5.00884,5.05697,11.9745,11.9416,0.00275563,3
3.01162,0.991979,8.11203,7.43181,7.46902,4.35579,2.57692,5.00884,5.05697,3.87281,16.5358,12.6427,0.307931,3
2.90108,8.11203,7.43181,7.46902,4.35579,2.57692,5.00884,5.05697,3.87281,1.93848,23.0129,13.9386,0.651014,3
2.71331,7.43181,7.46902,4.35579,2.57692,5.00884,5.05697,3.87281,1.93848,1.25614,19.2566,10.8683,0.771822,3
2.6798,7.46902,4.35579,2.57692,5.00884,5.05697,3.87281,1.93848,1.25614,6.09019,14.4017,7.06742,1.03776,3
2.57675,4.35579,2.57692,5.00884,5.05697,3.87281,1.93848,1.25614,6.09019,6.40345,11.9416,9.2848,0.286139,3
2.18527,2.57692,5.00884,5.05697,3.87281,1.93848,1.25614,6.09019,6.40345,1.56195,12.6427,13.7498,-0.0805139,3
2.25256,5.00884,5.05697,3.87281,1.93848,1.25614,6.09019,6.40345,1.56195,2.26021,13.9386,14.0556,-0.00832196,3
2.21452,5.05697,3.87281,1.93848,1.25614,6.09019,6.40345,1.56195,2.26021,3.70567,10.8683,10.2256,0.0628468,3
2.05716,3.87281,1.93848,1.25614,6.09019,6.40345,1.56195,2.26021,3.70567,1.06565,7.06742,7.52782,-0.0611598,3
2.0168,1.93848,1.25614,6.09019,6.40345,1.56195,2.26021,3.70567,1.06565,1.6088,9.2848,7.03152,0.320454,3
2.05233,1.25614,6.09019,6.40345,1.56195,2.26021,3.70567,1.06565,1.6088,0.819755,13.7498,6.38012,1.1551,3
2.13868,6.09019,6.40345,1.56195,2.26021,3.70567,1.06565,1.6088,0.819755,0.435976,14.0556,3.4942,3.02254,3
2.20417,6.40345,1.56195,2.26021,3.70567,1.06565,1.6088,0.819755,0.435976,3.88501,10.2256,2.86453,2.56973,3
1.72248,1.56195,2.26021,3.70567,1.06565,1.6088,0.819755,0.435976,3.88501,4.92631,7.52782,5.14074,0.464346,3
1.77082,2.26021,3.70567,1.06565,1.6088,0.819755,0.435976,3.88501,4.92631,4.15692,7.03152,9.2473,-0.239613,3
1.90205,3.70567,1.06565,1.6088,0.819755,0.435976,3.88501,4.92631,4.15692,4.14045,6.38012,12.9682,-0.50802,3
1.99077,1.06565,1.6088,0.819755,0.435976,3.88501,4.92631,4.15692,4.14045,5.78029,3.4942,13.2237,-0.735762,3
2.00904,1.6088,0.819755,0.435976,3.88501,4.92631,4.15692,4.14045,5.78029,5.04497,2.86453,14.0777,-0.796519,3
2.35417,0.819755,0.435976,3.88501,4.92631,4.15692,4.14045,5.78029,5.04497,5.72682,5.14074,14.9657,-0.656499,3
2.34337,0.435976,3.88501,4.92631,4.15692,4.14045,5.78029,5.04497,5.72682,3.78473,9.2473,16.5521,-0.441321,3
2.37745,3.88501,4.92631,4.15692,4.14045,5.78029,5.04497,5.72682,3.78473,1.98212,12.9682,14.5565,-0.109112,3
2.79113,4.92631,4.15692,4.14045,5.78029,5.04497,5.72682,3.78473,1.98212,7.3077,13.2237,11.4937,0.150519,3
2.81946,4.15692,4.14045,5.78029,5.04497,5.72682,3.78473,1.98212,7.3077,7.04535,14.0777,13.0745,0.0767224,3
3.02641,4.14045,5.78029,5.04497,5.72682,3.78473,1.98212,7.3077,7.04535,7.16827,14.9657,16.3352,-0.083835,3
3.10814,5.78029,5.04497,5.72682,3.78473,1.98212,7.3077,7.04535,7.16827,6.67367,16.5521,21.5213,-0.230899,3
2.97325,5.04497,5.72682,3.78473,1.98212,7.3077,7.04535,7.16827,6.67367,0.754035,14.5565,20.8873,-0.303092,3
3.17348,5.72682,3.78473,1.98212,7.3077,7.04535,7.16827,6.67367,0.754035,5.69988,11.4937,14.596,-0.212545,3
3.09074,3.78473,1.98212,7.3077,7.04535,7.16827,6.67367,0.754035,5.69988,5.98185,13.0745,13.1276,-0.00403995,3
3.15125,1.98212,7.3077,7.04535,7.16827,6.67367,0.754035,5.69988,5.98185,5.5807,16.3352,12.4358,0.313563,3
3.13455,7.3077,7.04535,7.16827,6.67367,0.754035,5.69988,5.98185,5.5807,4.14147,21.5213,17.2624,0.246715,3
2.95977,7.04535,7.16827,6.67367,0.754035,5.69988,5.98185,5.5807,4.14147,0.360141,20.8873,15.704,0.330061,3
2.84809,7.16827,6.67367,0.754035,5.69988,5.98185,5.5807,4.14147,0.360141,4.32775,14.596,10.0823,0.447683,3
2.70516,6.67367,0.754035,5.69988,5.98185,5.5807,4.14147,0.360141,4.32775,4.93227,13.1276,8.82936,0.486811,3
2.78824,0.754035,5.69988,5.98185,5.5807,4.14147,0.360141,4.32775,4.93227,6.6297,12.4358,9.62016,0.292678,3
2.6656,5.69988,5.98185,5.5807,4.14147,0.360141,4.32775,4.93227,6.6297,6.10428,17.2624,15.8897,0.0863902,3
2.52394,5.98185,5.5807,4.14147,0.360141,4.32775,4.93227,6.6297,6.10428,2.22703,15.704,17.6663,-0.111073,3
2.49262,5.5807,4.14147,0.360141,4.32775,4.93227,6.6297,6.10428,2.22703,2.54044,10.0823,14.961,-0.326095,3
2.4249,4.14147,0.360141,4.32775,4.93227,6.6297,6.10428,2.22703,2.54044,4.95638,8.82936,10.8718,-0.187863,3
2.62358,0.360141,4.32775,4.93227,6.6297,6.10428,2.22703,2.54044,4.95638,6.52076,9.62016,9.72385,-0.010664,3
2.60077,4.32775,4.93227,6.6297,6.10428,2.22703,2.54044,4.95638,6.52076,5.34621,15.8897,14.0176,0.133557,3
2.50524,4.93227,6.6297,6.10428,2.22703,2.54044,4.95638,6.52076,5.34621,1.11447,17.6663,16.8234,0.0501029,3
2.81537,6.6297,6.10428,2.22703,2.54044,4.95638,6.52076,5.34621,1.11447,5.04148,14.961,12.9814,0.152493,3
2.71337,6.10428,2.22703,2.54044,4.95638,6.52076,5.34621,1.11447,5.04148,6.19695,10.8718,11.5022,-0.0548074,3
2.54564,2.22703,2.54044,4.95638,6.52076,5.34621,1.11447,5.04148,6.19695,3.76643,9.72385,12.3529,-0.212828,3
2.38245,2.54044,4.95638,6.52076,5.34621,1.11447,5.04148,6.19695,3.76643,0.712927,14.0176,15.0049,-0.0657978,3
2.58965,4.95638,6.52076,5.34621,1.11447,5.04148,6.19695,3.76643,0.712927,4.43907,16.8234,10.6763,0.575765,3
2.57894,6.52076,5.34621,1.11447,5.04148,6.19695,3.76643,0.712927,4.43907,4.91329,12.9814,8.91843,0.455575,3
2.50009,5.34621,1.11447,5.04148,6.19695,3.76643,0.712927,4.43907,4.91329,4.0634,11.5022,10.0653,0.142754,3
2.26461,1.11447,5.04148,6.19695,3.76643,0.712927,4.43907,4.91329,4.0634,1.20119,12.3529,13.4158,-0.0792254,3
2.21059,5.04148,6.19695,3.76643,0.712927,4.43907,4.91329,4.0634,1.20119,1.86208,15.0049,10.1779,0.474261,3
2.39087,6.19695,3.76643,0.712927,4.43907,4.91329,4.0634,1.20119,1.86208,3.7206,10.6763,7.12668,0.498077,3
2.85144,3.76643,0.712927,4.43907,4.91329,4.0634,1.20119,1.86208,3.7206,9.48943,8.91843,6.78387,0.314652,3
2.89987,0.712927,4.43907,4.91329,4.0634,1.20119,1.86208,3.7206,9.48943,8.74211,10.0653,15.0721,-0.332191,3
3.06985,4.43907,4.91329,4.0634,1.20119,1.86208,3.7206,9.48943,8.74211,6.17027,13.4158,21.9521,-0.388863,3
3.1517,4.91329,4.0634,1.20119,1.86208,3.7206,9.48943,8.74211,6.17027,6.25753,10.1779,24.4018,-0.582904,3
2.99943,4.0634,1.20119,1.86208,3.7206,9.48943,8.74211,6.17027,6.25753,2.99647,7.12668,21.1699,-0.663358,3
2.94257,1.20119,1.86208,3.7206,9.48943,8.74211,6.17027,6.25753,2.99647,1.18763,6.78387,15.4243,-0.560182,3
2.99708,1.86208,3.7206,9.48943,8.74211,6.17027,6.25753,2.99647,1.18763,2.60632,15.0721,10.4416,0.443464,3
3.2784,3.7206,9.48943,8.74211,6.17027,6.25753,2.99647,1.18763,2.60632,7.55926,21.9521,6.79041,2.23281,3
3.40994,9.48943,8.74211,6.17027,6.25753,2.99647,1.18763,2.60632,7.55926,7.30776,24.4018,11.3532,1.14933,3
3.35061,8.74211,6.17027,6.25753,2.99647,1.18763,2.60632,7.55926,7.30776,5.9171,21.1699,17.4733,0.211555,3
2.81412,6.17027,6.25753,2.99647,1.18763,2.60632,7.55926,7.30776,5.9171,5.14298,15.4243,20.7841,-0.257882,3
2.79531,6.25753,2.99647,1.18763,2.60632,7.55926,7.30776,5.9171,5.14298,0.475813,10.4416,18.3678,-0.431527,3
2.6684,2.99647,1.18763,2.60632,7.55926,7.30776,5.9171,5.14298,0.475813,4.9281,6.79041,11.5359,-0.411366,3
2.68523,1.18763,2.60632,7.55926,7.30776,5.9171,5.14298,0.475813,4.9281,5.08504,11.3532,10.5469,0.0764508,3
2.76288,2.60632,7.55926,7.30776,5.9171,5.14298,0.475813,4.9281,5.08504,4.67369,17.4733,10.489,0.665879,3
2.89271,7.55926,7.30776,5.9171,5.14298,0.475813,4.9281,5.08504,4.67369,5.06489,20.7841,14.6868,0.415153,3
2.86763,7.30776,5.9171,5.14298,0.475813,4.9281,5.08504,4.67369,5.06489,5.68323,18.3678,14.8236,0.239092,3
2.62359,5.9171,5.14298,0.475813,4.9281,5.08504,4.67369,5.06489,5.68323,5.75998,11.5359,15.4218,-0.251976,3
2.69038,5.14298,0.475813,4.9281,5.08504,4.67369,5.06489,5.68323,5.75998,5.95104,10.5469,16.5081,-0.361108,3
2.62585,0.475813,4.9281,5.08504,4.67369,5.06489,5.68323,5.75998,5.95104,5.9864,10.489,17.3942,-0.396987,3
2.5858,4.9281,5.08504,4.67369,5.06489,5.68323,5.75998,5.95104,5.9864,2.54572,14.6868,17.6974,-0.170114,3
2.65272,5.08504,4.67369,5.06489,5.68323,5.75998,5.95104,5.9864,2.54572,3.76791,14.8236,14.4832,0.0235084,3
2.74261,4.67369,5.06489,5.68323,5.75998,5.95104,5.9864,2.54572,3.76791,6.56946,15.4218,12.3,0.253804,3
2.67366,5.06489,5.68323,5.75998,5.95104,5.9864,2.54572,3.76791,6.56946,2.48615,16.5081,12.8831,0.281377,3
2.60933,5.68323,5.75998,5.95104,5.9864,2.54572,3.76791,6.56946,2.48615,2.605,17.3942,12.8235,0.356433,3
2.68173,5.75998,5.95104,5.9864,2.54572,3.76791,6.56946,2.48615,2.605,4.88778,17.6974,11.6606,0.517709,3
2.47501,5.95104,5.9864,2.54572,3.76791,6.56946,2.48615,2.605,4.88778,4.11704,14.4832,9.97892,0.451374,3
2.51437,5.9864,2.54572,3.76791,6.56946,2.48615,2.605,4.88778,4.11704,3.8723,12.3,11.6098,0.0594505,3
2.19612,2.54572,3.76791,6.56946,2.48615,2.605,4.88778,4.11704,3.8723,3.08483,12.8831,12.8771,0.000463836,3
2.47639,3.76791,6.56946,2.48615,2.605,4.88778,4.11704,3.8723,3.08483,3.65385,12.8235,11.0742,0.157967,3
2.62368,6.56946,2.48615,2.605,4.88778,4.11704,3.8723,3.08483,3.65385,6.86434,11.6606,10.611,0.0989188,3
2.70395,2.48615,2.605,4.88778,4.11704,3.8723,3.08483,3.65385,6.86434,6.83967,9.97892,13.603,-0.266419,3
2.7068,2.605,4.88778,4.11704,3.8723,3.08483,3.65385,6.86434,6.83967,7.05199,11.6098,17.3579,-0.33115,3
2.78795,4.88778,4.11704,3.8723,3.08483,3.65385,6.86434,6.83967,7.05199,5.40186,12.8771,20.756,-0.379596,3
2.80319,4.11704,3.8723,3.08483,3.65385,6.86434,6.83967,7.05199,5.40186,4.7486,11.0742,19.2935,-0.426016,3
2.64766,3.8723,3.08483,3.65385,6.86434,6.83967,7.05199,5.40186,4.7486,2.49299,10.611,17.2025,-0.38317,3
2.74217,3.08483,3.65385,6.86434,6.83967,7.05199,5.40186,4.7486,2.49299,2.74279,13.603,12.6435,0.0758949,3
2.74933,3.65385,6.86434,6.83967,7.05199,5.40186,4.7486,2.49299,2.74279,5.42114,17.3579,9.98438,0.738503,3
3.07752,6.86434,6.83967,7.05199,5.40186,4.7486,2.49299,2.74279,5.42114,7.5746,20.756,10.6569,0.947656,3
3.03116,6.83967,7.05199,5.40186,4.7486,2.49299,2.74279,5.42114,7.5746,7.73497,19.2935,15.7385,0.225879,3
3.54679,7.05199,5.40186,4.7486,2.49299,2.74279,5.42114,7.5746,7.73497,10.0884,17.2025,20.7307,-0.170195,3
3.82607,5.40186,4.7486,2.49299,2.74279,5.42114,7.5746,7.73497,10.0884,11.4816,12.6435,25.398,-0.502187,3
4.15959,4.7486,2.49299,2.74279,5.42114,7.5746,7.73497,10.0884,11.4816,8.80803,9.98438,29.305,-0.659294,3
4.79164,2.49299,2.74279,5.42114,7.5746,7.73497,10.0884,11.4816,8.80803,10.1223,10.6569,30.378,-0.64919,3
5.22782,2.74279,5.42114,7.5746,7.73497,10.0884,11.4816,8.80803,10.1223,4.92459,15.7385,30.4119,-0.482488,3
5.24501,5.42114,7.5746,7.73497,10.0884,11.4816,8.80803,10.1223,4.92459,6.89284,20.7307,23.8549,-0.130967,3
5.17591,7.5746,7.73497,10.0884,11.4816,8.80803,10.1223,4.92459,6.89284,0.230468,25.398,21.9397,0.157626,3
5.1517,7.73497,10.0884,11.4816,8.80803,10.1223,4.92459,6.89284,0.230468,7.15528,29.305,12.0479,1.43237,3
4.90177,10.0884,11.4816,8.80803,10.1223,4.92459,6.89284,0.230468,7.15528,7.71663,30.378,14.2786,1.12752,3
4.73081,11.4816,8.80803,10.1223,4.92459,6.89284,0.230468,7.15528,7.71663,5.47629,30.4119,15.1024,1.01372,3
3.82393,8.80803,10.1223,4.92459,6.89284,0.230468,7.15528,7.71663,5.47629,5.43342,23.8549,20.3482,0.172336,3
