23.7724,7.32279,10.924,12.431,12.0078,10.4261,7.71811,5.5277,3.86464,3.91867,0
21.1078,10.924,12.431,12.0078,10.4261,7.71811,5.5277,3.86464,3.91867,5.42701,0
17.4573,12.431,12.0078,10.4261,7.71811,5.5277,3.86464,3.91867,5.42701,9.40791,0
14.5019,12.0078,10.4261,7.71811,5.5277,3.86464,3.91867,5.42701,9.40791,9.947,0
13.817,10.4261,7.71811,5.5277,3.86464,3.91867,5.42701,9.40791,9.947,10.6571,0
15.7575,7.71811,5.5277,3.86464,3.91867,5.42701,9.40791,9.947,10.6571,11.275,0
17.6929,5.5277,3.86464,3.91867,5.42701,9.40791,9.947,10.6571,11.275,6.93424,0
18.5087,3.86464,3.91867,5.42701,9.40791,9.947,10.6571,11.275,6.93424,6.75056,0
18.0923,3.91867,5.42701,9.40791,9.947,10.6571,11.275,6.93424,6.75056,8.73565,0
16.9136,5.42701,9.40791,9.947,10.6571,11.275,6.93424,6.75056,8.73565,7.89587,0
15.5299,9.40791,9.947,10.6571,11.275,6.93424,6.75056,8.73565,7.89587,7.4641,0
14.5381,9.947,10.6571,11.275,6.93424,6.75056,8.73565,7.89587,7.4641,5.55129,0
14.4644,10.6571,11.275,6.93424,6.75056,8.73565,7.89587,7.4641,5.55129,4.63595,0
14.8062,11.275,6.93424,6.75056,8.73565,7.89587,7.4641,5.55129,4.63595,3.7186,0
14.6009,6.93424,6.75056,8.73565,7.89587,7.4641,5.55129,4.63595,3.7186,5.00257,0
13.2021,6.75056,8.73565,7.89587,7.4641,5.55129,4.63595,3.7186,5.00257,12.2584,0
12.8368,8.73565,7.89587,7.4641,5.55129,4.63595,3.7186,5.00257,12.2584,14.7022,0
15.0878,7.89587,7.4641,5.55129,4.63595,3.7186,5.00257,12.2584,14.7022,12.6296,0
18.8298,7.4641,5.55129,4.63595,3.7186,5.00257,12.2584,14.7022,12.6296,9.46753,0
22.1659,5.55129,4.63595,3.7186,5.00257,12.2584,14.7022,12.6296,9.46753,6.27372,0
24.1402,4.63595,3.7186,5.00257,12.2584,14.7022,12.6296,9.46753,6.27372,5.13313,0
24.4233,3.7186,5.00257,12.2584,14.7022,12.6296,9.46753,6.27372,5.13313,4.65332,0
22.8455,5.00257,12.2584,14.7022,12.6296,9.46753,6.27372,5.13313,4.65332,5.62583,0
19.5053,12.2584,14.7022,12.6296,9.46753,6.27372,5.13313,4.65332,5.62583,6.22402,0
15.3474,14.7022,12.6296,9.46753,6.27372,5.13313,4.65332,5.62583,6.22402,8.28834,0
13.4258,12.6296,9.46753,6.27372,5.13313,4.65332,5.62583,6.22402,8.28834,10.6569,0
15.5131,9.46753,6.27372,5.13313,4.65332,5.62583,6.22402,8.28834,10.6569,12.4685,0
19.5727,6.27372,5.13313,4.65332,5.62583,6.22402,8.28834,10.6569,12.4685,12.4651,0
22.8026,5.13313,4.65332,5.62583,6.22402,8.28834,10.6569,12.4685,12.4651,7.58955,0
24.0466,4.65332,5.62583,6.22402,8.28834,10.6569,12.4685,12.4651,7.58955,4.01647,0
23.4498,5.62583,6.22402,8.28834,10.6569,12.4685,12.4651,7.58955,4.01647,4.68036,0
21.3216,6.22402,8.28834,10.6569,12.4685,12.4651,7.58955,4.01647,4.68036,6.18165,0
18.3093,8.28834,10.6569,12.4685,12.4651,7.58955,4.01647,4.68036,6.18165,8.74167,0
15.5364,10.6569,12.4685,12.4651,7.58955,4.01647,4.68036,6.18165,8.74167,11.3222,0
14.9915,12.4685,12.4651,7.58955,4.01647,4.68036,6.18165,8.74167,11.3222,11.6598,0
16.4041,12.4651,7.58955,4.01647,4.68036,6.18165,8.74167,11.3222,11.6598,6.93808,0
17.8679,7.58955,4.01647,4.68036,6.18165,8.74167,11.3222,11.6598,6.93808,6.97058,0
18.1924,4.01647,4.68036,6.18165,8.74167,11.3222,11.6598,6.93808,6.97058,7.70715,0
17.2539,4.68036,6.18165,8.74167,11.3222,11.6598,6.93808,6.97058,7.70715,8.01004,0
15.9986,6.18165,8.74167,11.3222,11.6598,6.93808,6.97058,7.70715,8.01004,9.49241,0
15.8489,8.74167,11.3222,11.6598,6.93808,6.97058,7.70715,8.01004,9.49241,11.8282,0
17.9148,11.3222,11.6598,6.93808,6.97058,7.70715,8.01004,9.49241,11.8282,12.7213,0
21.1268,11.6598,6.93808,6.97058,7.70715,8.01004,9.49241,11.8282,12.7213,9.32075,0
24.2856,6.93808,6.97058,7.70715,8.01004,9.49241,11.8282,12.7213,9.32075,8.2454,0
25.4516,6.97058,7.70715,8.01004,9.49241,11.8282,12.7213,9.32075,8.2454,3.93159,0
24.4754,7.70715,8.01004,9.49241,11.8282,12.7213,9.32075,8.2454,3.93159,4.42121,0
21.9859,8.01004,9.49241,11.8282,12.7213,9.32075,8.2454,3.93159,4.42121,8.3257,0
18.9574,9.49241,11.8282,12.7213,9.32075,8.2454,3.93159,4.42121,8.3257,13.4513,0
17.1635,11.8282,12.7213,9.32075,8.2454,3.93159,4.42121,8.3257,13.4513,13.7883,0
17.8191,12.7213,9.32075,8.2454,3.93159,4.42121,8.3257,13.4513,13.7883,10.6428,0
20.5185,9.32075,8.2454,3.93159,4.42121,8.3257,13.4513,13.7883,10.6428,9.14772,0
23.3519,8.2454,3.93159,4.42121,8.3257,13.4513,13.7883,10.6428,9.14772,6.98134,0
25.0603,3.93159,4.42121,8.3257,13.4513,13.7883,10.6428,9.14772,6.98134,5.5471,0
24.7953,4.42121,8.3257,13.4513,13.7883,10.6428,9.14772,6.98134,5.5471,5.397,0
22.7438,8.3257,13.4513,13.7883,10.6428,9.14772,6.98134,5.5471,5.397,8.0896,0
19.4539,13.4513,13.7883,10.6428,9.14772,6.98134,5.5471,5.397,8.0896,7.10083,0
16.0848,13.7883,10.6428,9.14772,6.98134,5.5471,5.397,8.0896,7.10083,7.12864,0
14.509,10.6428,9.14772,6.98134,5.5471,5.397,8.0896,7.10083,7.12864,6.72493,0
15.2311,9.14772,6.98134,5.5471,5.397,8.0896,7.10083,7.12864,6.72493,8.62872,0
17.1463,6.98134,5.5471,5.397,8.0896,7.10083,7.12864,6.72493,8.62872,8.09679,0
18.8691,5.5471,5.397,8.0896,7.10083,7.12864,6.72493,8.62872,8.09679,5.85274,0
18.9616,5.397,8.0896,7.10083,7.12864,6.72493,8.62872,8.09679,5.85274,1.20314,0
17.442,8.0896,7.10083,7.12864,6.72493,8.62872,8.09679,5.85274,1.20314,2.82915,0
14.6238,7.10083,7.12864,6.72493,8.62872,8.09679,5.85274,1.20314,2.82915,5.82021,0
11.7896,7.12864,6.72493,8.62872,8.09679,5.85274,1.20314,2.82915,5.82021,8.89443,0
10.7979,6.72493,8.62872,8.09679,5.85274,1.20314,2.82915,5.82021,8.89443,12.0026,0
13.1108,8.62872,8.09679,5.85274,1.20314,2.82915,5.82021,8.89443,12.0026,11.6661,0
17.1695,8.09679,5.85274,1.20314,2.82915,5.82021,8.89443,12.0026,11.6661,9.86911,0
21.3244,5.85274,1.20314,2.82915,5.82021,8.89443,12.0026,11.6661,9.86911,8.6203,0
23.9309,1.20314,2.82915,5.82021,8.89443,12.0026,11.6661,9.86911,8.6203,4.27271,0
23.9536,2.82915,5.82021,8.89443,12.0026,11.6661,9.86911,8.6203,4.27271,2.18737,0
22.089,5.82021,8.89443,12.0026,11.6661,9.86911,8.6203,4.27271,2.18737,4.19469,0
18.6656,8.89443,12.0026,11.6661,9.86911,8.6203,4.27271,2.18737,4.19469,5.47706,0
14.4968,12.0026,11.6661,9.86911,8.6203,4.27271,2.18737,4.19469,5.47706,8.8656,0
11.8584,11.6661,9.86911,8.6203,4.27271,2.18737,4.19469,5.47706,8.8656,11.477,0
13.6202,9.86911,8.6203,4.27271,2.18737,4.19469,5.47706,8.8656,11.477,12.2875,0
17.2159,8.6203,4.27271,2.18737,4.19469,5.47706,8.8656,11.477,12.2875,7.54057,0
19.2436,4.27271,2.18737,4.19469,5.47706,8.8656,11.477,12.2875,7.54057,4.764,0
19.2848,2.18737,4.19469,5.47706,8.8656,11.477,12.2875,7.54057,4.764,5.36219,0
17.5255,4.19469,5.47706,8.8656,11.477,12.2875,7.54057,4.764,5.36219,7.44336,0
15.3047,5.47706,8.8656,11.477,12.2875,7.54057,4.764,5.36219,7.44336,11.3226,0
14.223,8.8656,11.477,12.2875,7.54057,4.764,5.36219,7.44336,11.3226,10.7886,0
15.198,11.477,12.2875,7.54057,4.764,5.36219,7.44336,11.3226,10.7886,8.64758,0
17.9634,12.2875,7.54057,4.764,5.36219,7.44336,11.3226,10.7886,8.64758,7.14768,0
20.928,7.54057,4.764,5.36219,7.44336,11.3226,10.7886,8.64758,7.14768,5.43032,0
22.1962,4.764,5.36219,7.44336,11.3226,10.7886,8.64758,7.14768,5.43032,2.36451,0
21.0019,5.36219,7.44336,11.3226,10.7886,8.64758,7.14768,5.43032,2.36451,1.1917,0
18.4322,7.44336,11.3226,10.7886,8.64758,7.14768,5.43032,2.36451,1.1917,3.16567,0
14.8706,11.3226,10.7886,8.64758,7.14768,5.43032,2.36451,1.1917,3.16567,5.19697,0
10.8925,10.7886,8.64758,7.14768,5.43032,2.36451,1.1917,3.16567,5.19697,4.41699,0
7.99789,8.64758,7.14768,5.43032,2.36451,1.1917,3.16567,5.19697,4.41699,3.9783,0
7.28549,7.14768,5.43032,2.36451,1.1917,3.16567,5.19697,4.41699,3.9783,5.0595,0
9.2325,5.43032,2.36451,1.1917,3.16567,5.19697,4.41699,3.9783,5.0595,9.10721,0
12.537,2.36451,1.1917,3.16567,5.19697,4.41699,3.9783,5.0595,9.10721,10.7379,0
15.4077,1.1917,3.16567,5.19697,4.41699,3.9783,5.0595,9.10721,10.7379,8.32614,0
16.7752,3.16567,5.19697,4.41699,3.9783,5.0595,9.10721,10.7379,8.32614,4.27628,0
16.8778,5.19697,4.41699,3.9783,5.0595,9.10721,10.7379,8.32614,4.27628,4.80726,0
16.0807,4.41699,3.9783,5.0595,9.10721,10.7379,8.32614,4.27628,4.80726,4.38723,0
14.617,3.9783,5.0595,9.10721,10.7379,8.32614,4.27628,4.80726,4.38723,4.91954,0
12.6627,5.0595,9.10721,10.7379,8.32614,4.27628,4.80726,4.38723,4.91954,5.92007,0
10.7752,9.10721,10.7379,8.32614,4.27628,4.80726,4.38723,4.91954,5.92007,6.00899,0
9.79182,10.7379,8.32614,4.27628,4.80726,4.38723,4.91954,5.92007,6.00899,5.7134,0
10.059,8.32614,4.27628,4.80726,4.38723,4.91954,5.92007,6.00899,5.7134,4.48568,0
10.6165,4.27628,4.80726,4.38723,4.91954,5.92007,6.00899,5.7134,4.48568,4.57026,0
10.5815,4.80726,4.38723,4.91954,5.92007,6.00899,5.7134,4.48568,4.57026,5.3818,0
10.2269,4.38723,4.91954,5.92007,6.00899,5.7134,4.48568,4.57026,5.3818,4.57,0
10.232,4.91954,5.92007,6.00899,5.7134,4.48568,4.57026,5.3818,4.57,6.43173,0
11.3117,5.92007,6.00899,5.7134,4.48568,4.57026,5.3818,4.57,6.43173,8.31681,0
13.472,6.00899,5.7134,4.48568,4.57026,5.3818,4.57,6.43173,8.31681,8.75632,0
15.7858,5.7134,4.48568,4.57026,5.3818,4.57,6.43173,8.31681,8.75632,7.05025,0
17.0299,4.48568,4.57026,5.3818,4.57,6.43173,8.31681,8.75632,7.05025,3.52374,0
16.895,4.57026,5.3818,4.57,6.43173,8.31681,8.75632,7.05025,3.52374,3.82926,0
15.6983,5.3818,4.57,6.43173,8.31681,8.75632,7.05025,3.52374,3.82926,4.94181,0
13.9996,4.57,6.43173,8.31681,8.75632,7.05025,3.52374,3.82926,4.94181,8.31444,0
13.0166,6.43173,8.31681,8.75632,7.05025,3.52374,3.82926,4.94181,8.31444,11.0336,0
13.6991,8.31681,8.75632,7.05025,3.52374,3.82926,4.94181,8.31444,11.0336,11.1317,0
15.8554,8.75632,7.05025,3.52374,3.82926,4.94181,8.31444,11.0336,11.1317,8.70483,0
17.9111,7.05025,3.52374,3.82926,4.94181,8.31444,11.0336,11.1317,8.70483,5.6535,0
18.915,3.52374,3.82926,4.94181,8.31444,11.0336,11.1317,8.70483,5.6535,5.38044,0
18.448,3.82926,4.94181,8.31444,11.0336,11.1317,8.70483,5.6535,5.38044,5.89172,0
16.9555,4.94181,8.31444,11.0336,11.1317,8.70483,5.6535,5.38044,5.89172,6.56527,0
15.0104,8.31444,11.0336,11.1317,8.70483,5.6535,5.38044,5.89172,6.56527,6.6453,0
13.5742,11.0336,11.1317,8.70483,5.6535,5.38044,5.89172,6.56527,6.6453,8.54837,0
13.8974,11.1317,8.70483,5.6535,5.38044,5.89172,6.56527,6.6453,8.54837,8.56637,0
15.6347,8.70483,5.6535,5.38044,5.89172,6.56527,6.6453,8.54837,8.56637,7.0552,0
17.0237,5.6535,5.38044,5.89172,6.56527,6.6453,8.54837,8.56637,7.0552,5.25772,0
17.0814,5.38044,5.89172,6.56527,6.6453,8.54837,8.56637,7.0552,5.25772,6.26005,0
16.141,5.89172,6.56527,6.6453,8.54837,8.56637,7.0552,5.25772,6.26005,7.33802,0
14.8618,6.56527,6.6453,8.54837,8.56637,7.0552,5.25772,6.26005,7.33802,9.59352,0
14.4562,6.6453,8.54837,8.56637,7.0552,5.25772,6.26005,7.33802,9.59352,11.4878,0
15.8131,8.54837,8.56637,7.0552,5.25772,6.26005,7.33802,9.59352,11.4878,11.2881,0
18.6935,8.56637,7.0552,5.25772,6.26005,7.33802,9.59352,11.4878,11.2881,10.6159,0
22.0184,7.0552,5.25772,6.26005,7.33802,9.59352,11.4878,11.2881,10.6159,9.18323,0
24.334,5.25772,6.26005,7.33802,9.59352,11.4878,11.2881,10.6159,9.18323,6.48389,0
24.8131,6.26005,7.33802,9.59352,11.4878,11.2881,10.6159,9.18323,6.48389,3.80877,0
23.4756,7.33802,9.59352,11.4878,11.2881,10.6159,9.18323,6.48389,3.80877,3.35092,0
20.7874,9.59352,11.4878,11.2881,10.6159,9.18323,6.48389,3.80877,3.35092,3.64202,0
17.149,11.4878,11.2881,10.6159,9.18323,6.48389,3.80877,3.35092,3.64202,5.75978,0
13.7466,11.2881,10.6159,9.18323,6.48389,3.80877,3.35092,3.64202,5.75978,8.81982,0
12.6498,10.6159,9.18323,6.48389,3.80877,3.35092,3.64202,5.75978,8.81982,10.8556,0
14.707,9.18323,6.48389,3.80877,3.35092,3.64202,5.75978,8.81982,10.8556,11.0674,0
18.3817,6.48389,3.80877,3.35092,3.64202,5.75978,8.81982,10.8556,11.0674,10.7085,0
21.7413,3.80877,3.35092,3.64202,5.75978,8.81982,10.8556,11.0674,10.7085,8.78458,0
23.9921,3.35092,3.64202,5.75978,8.81982,10.8556,11.0674,10.7085,8.78458,6.78332,0
24.2812,3.64202,5.75978,8.81982,10.8556,11.0674,10.7085,8.78458,6.78332,4.43893,0
22.9576,5.75978,8.81982,10.8556,11.0674,10.7085,8.78458,6.78332,4.43893,5.91906,0
20.2821,8.81982,10.8556,11.0674,10.7085,8.78458,6.78332,4.43893,5.91906,6.67192,0
16.9745,10.8556,11.0674,10.7085,8.78458,6.78332,4.43893,5.91906,6.67192,8.07024,0
14.3931,11.0674,10.7085,8.78458,6.78332,4.43893,5.91906,6.67192,8.07024,8.00392,0
13.8766,10.7085,8.78458,6.78332,4.43893,5.91906,6.67192,8.07024,8.00392,7.81233,0
15.3421,8.78458,6.78332,4.43893,5.91906,6.67192,8.07024,8.00392,7.81233,7.54637,0
17.5065,6.78332,4.43893,5.91906,6.67192,8.07024,8.00392,7.81233,7.54637,7.57526,0
19.4266,4.43893,5.91906,6.67192,8.07024,8.00392,7.81233,7.54637,7.57526,8.24854,0
20.6203,5.91906,6.67192,8.07024,8.00392,7.81233,7.54637,7.57526,8.24854,8.51624,0
21.3897,6.67192,8.07024,8.00392,7.81233,7.54637,7.57526,8.24854,8.51624,7.27213,0
21.3726,8.07024,8.00392,7.81233,7.54637,7.57526,8.24854,8.51624,7.27213,4.35604,0
20.3156,8.00392,7.81233,7.54637,7.57526,8.24854,8.51624,7.27213,4.35604,2.21324,0
18.3426,7.81233,7.54637,7.57526,8.24854,8.51624,7.27213,4.35604,2.21324,5.09132,0
15.8342,7.54637,7.57526,8.24854,8.51624,7.27213,4.35604,2.21324,5.09132,7.08969,0
13.5508,7.57526,8.24854,8.51624,7.27213,4.35604,2.21324,5.09132,7.08969,7.6879,0
12.3801,8.24854,8.51624,7.27213,4.35604,2.21324,5.09132,7.08969,7.6879,7.27927,0
12.8863,8.51624,7.27213,4.35604,2.21324,5.09132,7.08969,7.6879,7.27927,7.20119,0
14.7356,7.27213,4.35604,2.21324,5.09132,7.08969,7.6879,7.27927,7.20119,7.85015,0
16.9939,4.35604,2.21324,5.09132,7.08969,7.6879,7.27927,7.20119,7.85015,9.30872,0
18.6994,2.21324,5.09132,7.08969,7.6879,7.27927,7.20119,7.85015,9.30872,8.9394,0
19.0741,5.09132,7.08969,7.6879,7.27927,7.20119,7.85015,9.30872,8.9394,6.6874,0
18.2336,7.08969,7.6879,7.27927,7.20119,7.85015,9.30872,8.9394,6.6874,7.24214,0
17.2294,7.6879,7.27927,7.20119,7.85015,9.30872,8.9394,6.6874,7.24214,8.59341,0
16.9711,7.27927,7.20119,7.85015,9.30872,8.9394,6.6874,7.24214,8.59341,8.69251,0
17.6031,7.20119,7.85015,9.30872,8.9394,6.6874,7.24214,8.59341,8.69251,7.34145,0
18.6631,7.85015,9.30872,8.9394,6.6874,7.24214,8.59341,8.69251,7.34145,6.06375,0
19.2072,9.30872,8.9394,6.6874,7.24214,8.59341,8.69251,7.34145,6.06375,4.27626,0
18.4743,8.9394,6.6874,7.24214,8.59341,8.69251,7.34145,6.06375,4.27626,2.41847,0
16.8259,6.6874,7.24214,8.59341,8.69251,7.34145,6.06375,4.27626,2.41847,5.76367,0
15.1411,7.24214,8.59341,8.69251,7.34145,6.06375,4.27626,2.41847,5.76367,10.4741,0
14.7958,8.59341,8.69251,7.34145,6.06375,4.27626,2.41847,5.76367,10.4741,12.2017,0
16.2949,8.69251,7.34145,6.06375,4.27626,2.41847,5.76367,10.4741,12.2017,10.1731,0
18.9829,7.34145,6.06375,4.27626,2.41847,5.76367,10.4741,12.2017,10.1731,8.78196,0
21.4594,6.06375,4.27626,2.41847,5.76367,10.4741,12.2017,10.1731,8.78196,5.97934,0
22.9617,4.27626,2.41847,5.76367,10.4741,12.2017,10.1731,8.78196,5.97934,4.61588,0
23.3449,2.41847,5.76367,10.4741,12.2017,10.1731,8.78196,5.97934,4.61588,4.34264,0
22.4098,5.76367,10.4741,12.2017,10.1731,8.78196,5.97934,4.61588,4.34264,3.29919,0
19.956,10.4741,12.2017,10.1731,8.78196,5.97934,4.61588,4.34264,3.29919,4.50929,0
16.3962,12.2017,10.1731,8.78196,5.97934,4.61588,4.34264,3.29919,4.50929,4.82284,0
12.7917,10.1731,8.78196,5.97934,4.61588,4.34264,3.29919,4.50929,4.82284,5.33918,0
10.3235,8.78196,5.97934,4.61588,4.34264,3.29919,4.50929,4.82284,5.33918,5.58197,0
9.47238,5.97934,4.61588,4.34264,3.29919,4.50929,4.82284,5.33918,5.58197,5.76963,0
10.5754,4.61588,4.34264,3.29919,4.50929,4.82284,5.33918,5.58197,5.76963,9.05688,0
13.3595,4.34264,3.29919,4.50929,4.82284,5.33918,5.58197,5.76963,9.05688,11.9886,0
17.0315,3.29919,4.50929,4.82284,5.33918,5.58197,5.76963,9.05688,11.9886,12.2817,0
20.986,4.50929,4.82284,5.33918,5.58197,5.76963,9.05688,11.9886,12.2817,12.5714,0
24.8989,4.82284,5.33918,5.58197,5.76963,9.05688,11.9886,12.2817,12.5714,12.6052,0
27.9334,5.33918,5.58197,5.76963,9.05688,11.9886,12.2817,12.5714,12.6052,9.53195,0
29.2857,5.58197,5.76963,9.05688,11.9886,12.2817,12.5714,12.6052,9.53195,5.63488,0
28.9203,5.76963,9.05688,11.9886,12.2817,12.5714,12.6052,9.53195,5.63488,3.86977,0
27.0693,9.05688,11.9886,12.2817,12.5714,12.6052,9.53195,5.63488,3.86977,5.22269,0
23.9352,11.9886,12.2817,12.5714,12.6052,9.53195,5.63488,3.86977,5.22269,7.31637,0
20.3427,12.2817,12.5714,12.6052,9.53195,5.63488,3.86977,5.22269,7.31637,6.71734,0
17.2342,12.5714,12.6052,9.53195,5.63488,3.86977,5.22269,7.31637,6.71734,5.23374,0
15.008,12.6052,9.53195,5.63488,3.86977,5.22269,7.31637,6.71734,5.23374,3.52566,0
13.6035,9.53195,5.63488,3.86977,5.22269,7.31637,6.71734,5.23374,3.52566,1.46373,0
12.6076,5.63488,3.86977,5.22269,7.31637,6.71734,5.23374,3.52566,1.46373,2.38538,0
11.3617,3.86977,5.22269,7.31637,6.71734,5.23374,3.52566,1.46373,2.38538,4.03654,0
9.90744,5.22269,7.31637,6.71734,5.23374,3.52566,1.46373,2.38538,4.03654,5.32898,0
8.79432,7.31637,6.71734,5.23374,3.52566,1.46373,2.38538,4.03654,5.32898,5.50162,0
8.73659,6.71734,5.23374,3.52566,1.46373,2.38538,4.03654,5.32898,5.50162,4.90345,0
9.84199,5.23374,3.52566,1.46373,2.38538,4.03654,5.32898,5.50162,4.90345,4.44296,0
11.1267,3.52566,1.46373,2.38538,4.03654,5.32898,5.50162,4.90345,4.44296,3.30874,0
11.6218,1.46373,2.38538,4.03654,5.32898,5.50162,4.90345,4.44296,3.30874,0.552633,0
11.1618,2.38538,4.03654,5.32898,5.50162,4.90345,4.44296,3.30874,0.552633,0.535382,0
9.96365,4.03654,5.32898,5.50162,4.90345,4.44296,3.30874,0.552633,0.535382,0.236548,0
8.18847,5.32898,5.50162,4.90345,4.44296,3.30874,0.552633,0.535382,0.236548,0.276494,0
0.979591,3.30874,0.552633,0.535382,0.236548,0.276494,0.286427,0.0846414,0.13352,0.0799759,1
0.444939,0.552633,0.535382,0.236548,0.276494,0.286427,0.0846414,0.13352,0.0799759,0.31699,1
0.398332,0.535382,0.236548,0.276494,0.286427,0.0846414,0.13352,0.0799759,0.31699,0.201564,1
0.285014,0.236548,0.276494,0.286427,0.0846414,0.13352,0.0799759,0.31699,0.201564,0.0797619,1
0.274813,0.276494,0.286427,0.0846414,0.13352,0.0799759,0.31699,0.201564,0.0797619,0.0690402,1
0.296847,0.286427,0.0846414,0.13352,0.0799759,0.31699,0.201564,0.0797619,0.0690402,0.164339,1
0.337375,0.0846414,0.13352,0.0799759,0.31699,0.201564,0.0797619,0.0690402,0.164339,0.288627,1
0.360477,0.13352,0.0799759,0.31699,0.201564,0.0797619,0.0690402,0.164339,0.288627,0.23643,1
0.383457,0.0799759,0.31699,0.201564,0.0797619,0.0690402,0.164339,0.288627,0.23643,0.0691938,1
0.410596,0.31699,0.201564,0.0797619,0.0690402,0.164339,0.288627,0.23643,0.0691938,0.240962,1
0.39661,0.201564,0.0797619,0.0690402,0.164339,0.288627,0.23643,0.0691938,0.240962,0.0983571,1
0.395074,0.0797619,0.0690402,0.164339,0.288627,0.23643,0.0691938,0.240962,0.0983571,0.025485,1
0.368441,0.0690402,0.164339,0.288627,0.23643,0.0691938,0.240962,0.0983571,0.025485,0.101378,1
0.310903,0.164339,0.288627,0.23643,0.0691938,0.240962,0.0983571,0.025485,0.101378,0.081384,1
0.233865,0.288627,0.23643,0.0691938,0.240962,0.0983571,0.025485,0.101378,0.081384,0.12575,1
0.195168,0.23643,0.0691938,0.240962,0.0983571,0.025485,0.101378,0.081384,0.12575,0.235387,1
0.220752,0.0691938,0.240962,0.0983571,0.025485,0.101378,0.081384,0.12575,0.235387,0.0741181,1
0.280743,0.240962,0.0983571,0.025485,0.101378,0.081384,0.12575,0.235387,0.0741181,0.177983,1
0.318365,0.0983571,0.025485,0.101378,0.081384,0.12575,0.235387,0.0741181,0.177983,0.00844764,1
0.33166,0.025485,0.101378,0.081384,0.12575,0.235387,0.0741181,0.177983,0.00844764,0.141344,1
0.347228,0.101378,0.081384,0.12575,0.235387,0.0741181,0.177983,0.00844764,0.141344,0.155087,1
0.345389,0.081384,0.12575,0.235387,0.0741181,0.177983,0.00844764,0.141344,0.155087,0.107199,1
0.326405,0.12575,0.235387,0.0741181,0.177983,0.00844764,0.141344,0.155087,0.107199,0.0226134,1
0.301192,0.235387,0.0741181,0.177983,0.00844764,0.141344,0.155087,0.107199,0.0226134,0.111554,1
0.2779,0.0741181,0.177983,0.00844764,0.141344,0.155087,0.107199,0.0226134,0.111554,0.123997,1
0.268609,0.177983,0.00844764,0.141344,0.155087,0.107199,0.0226134,0.111554,0.123997,0.0907409,1
0.267629,0.00844764,0.141344,0.155087,0.107199,0.0226134,0.111554,0.123997,0.0907409,0.204458,1
0.274806,0.141344,0.155087,0.107199,0.0226134,0.111554,0.123997,0.0907409,0.204458,0.358949,1
0.279252,0.155087,0.107199,0.0226134,0.111554,0.123997,0.0907409,0.204458,0.358949,0.1422,1
0.283482,0.107199,0.0226134,0.111554,0.123997,0.0907409,0.204458,0.358949,0.1422,0.0282308,1
0.277311,0.0226134,0.111554,0.123997,0.0907409,0.204458,0.358949,0.1422,0.0282308,0.225339,1
0.270511,0.111554,0.123997,0.0907409,0.204458,0.358949,0.1422,0.0282308,0.225339,0.13421,1
0.258814,0.123997,0.0907409,0.204458,0.358949,0.1422,0.0282308,0.225339,0.13421,0.101135,1
0.245316,0.0907409,0.204458,0.358949,0.1422,0.0282308,0.225339,0.13421,0.101135,0.0464016,1
0.247865,0.204458,0.358949,0.1422,0.0282308,0.225339,0.13421,0.101135,0.0464016,0.252373,1
0.254628,0.358949,0.1422,0.0282308,0.225339,0.13421,0.101135,0.0464016,0.252373,0.0240681,1
0.281048,0.1422,0.0282308,0.225339,0.13421,0.101135,0.0464016,0.252373,0.0240681,0.0790817,1
0.296437,0.0282308,0.225339,0.13421,0.101135,0.0464016,0.252373,0.0240681,0.0790817,0.0853143,1
0.26059,0.225339,0.13421,0.101135,0.0464016,0.252373,0.0240681,0.0790817,0.0853143,0.112883,1
0.199765,0.13421,0.101135,0.0464016,0.252373,0.0240681,0.0790817,0.0853143,0.112883,0.0751266,1
0.172684,0.101135,0.0464016,0.252373,0.0240681,0.0790817,0.0853143,0.112883,0.0751266,0.142069,1
0.155025,0.0464016,0.252373,0.0240681,0.0790817,0.0853143,0.112883,0.0751266,0.142069,0.021719,1
0.137853,0.252373,0.0240681,0.0790817,0.0853143,0.112883,0.0751266,0.142069,0.021719,0.0262136,1
0.113384,0.0240681,0.0790817,0.0853143,0.112883,0.0751266,0.142069,0.021719,0.0262136,0.00922344,1
0.103417,0.0790817,0.0853143,0.112883,0.0751266,0.142069,0.021719,0.0262136,0.00922344,0.104875,1
0.0919395,0.0853143,0.112883,0.0751266,0.142069,0.021719,0.0262136,0.00922344,0.104875,0.0292445,1
0.110133,0.112883,0.0751266,0.142069,0.021719,0.0262136,0.00922344,0.104875,0.0292445,0.163517,1
0.170448,0.0751266,0.142069,0.021719,0.0262136,0.00922344,0.104875,0.0292445,0.163517,0.220906,1
0.222665,0.142069,0.021719,0.0262136,0.00922344,0.104875,0.0292445,0.163517,0.220906,0.125495,1
0.257273,0.021719,0.0262136,0.00922344,0.104875,0.0292445,0.163517,0.220906,0.125495,0.0375819,1
0.287129,0.0262136,0.00922344,0.104875,0.0292445,0.163517,0.220906,0.125495,0.0375819,0.102405,1
0.300408,0.00922344,0.104875,0.0292445,0.163517,0.220906,0.125495,0.0375819,0.102405,0.0393059,1
0.29536,0.104875,0.0292445,0.163517,0.220906,0.125495,0.0375819,0.102405,0.0393059,0.0651304,1
0.2672,0.0292445,0.163517,0.220906,0.125495,0.0375819,0.102405,0.0393059,0.0651304,0.0157569,1
0.234466,0.163517,0.220906,0.125495,0.0375819,0.102405,0.0393059,0.0651304,0.0157569,0.0662591,1
0.17602,0.220906,0.125495,0.0375819,0.102405,0.0393059,0.0651304,0.0157569,0.0662591,0.0131407,1
0.136595,0.125495,0.0375819,0.102405,0.0393059,0.0651304,0.0157569,0.0662591,0.0131407,0.143232,1
0.175128,0.0375819,0.102405,0.0393059,0.0651304,0.0157569,0.0662591,0.0131407,0.143232,0.270592,1
0.213362,0.102405,0.0393059,0.0651304,0.0157569,0.0662591,0.0131407,0.143232,0.270592,0.105496,1
0.24455,0.0393059,0.0651304,0.0157569,0.0662591,0.0131407,0.143232,0.270592,0.105496,0.0960131,1
0.2682,0.0651304,0.0157569,0.0662591,0.0131407,0.143232,0.270592,0.105496,0.0960131,0.0564335,1
0.291936,0.0157569,0.0662591,0.0131407,0.143232,0.270592,0.105496,0.0960131,0.0564335,0.128368,1
0.29742,0.0662591,0.0131407,0.143232,0.270592,0.105496,0.0960131,0.0564335,0.128368,0.0246325,1
0.287223,0.0131407,0.143232,0.270592,0.105496,0.0960131,0.0564335,0.128368,0.0246325,0.0411302,1
0.267068,0.143232,0.270592,0.105496,0.0960131,0.0564335,0.128368,0.0246325,0.0411302,0.0595641,1
0.230637,0.270592,0.105496,0.0960131,0.0564335,0.128368,0.0246325,0.0411302,0.0595641,0.113086,1
0.186766,0.105496,0.0960131,0.0564335,0.128368,0.0246325,0.0411302,0.0595641,0.113086,0.0528917,1
0.187532,0.0960131,0.0564335,0.128368,0.0246325,0.0411302,0.0595641,0.113086,0.0528917,0.116513,1
0.177026,0.0564335,0.128368,0.0246325,0.0411302,0.0595641,0.113086,0.0528917,0.116513,0.0171265,1
0.165335,0.128368,0.0246325,0.0411302,0.0595641,0.113086,0.0528917,0.116513,0.0171265,0.0115494,1
0.155034,0.0246325,0.0411302,0.0595641,0.113086,0.0528917,0.116513,0.0171265,0.0115494,0.0690678,1
0.154863,0.0411302,0.0595641,0.113086,0.0528917,0.116513,0.0171265,0.0115494,0.0690678,0.0603883,1
0.153797,0.0595641,0.113086,0.0528917,0.116513,0.0171265,0.0115494,0.0690678,0.0603883,0.116649,1
0.149223,0.113086,0.0528917,0.116513,0.0171265,0.0115494,0.0690678,0.0603883,0.116649,0.05709,1
0.149516,0.0528917,0.116513,0.0171265,0.0115494,0.0690678,0.0603883,0.116649,0.05709,0.090993,1
0.151441,0.116513,0.0171265,0.0115494,0.0690678,0.0603883,0.116649,0.05709,0.090993,0.00957052,1
0.149494,0.0171265,0.0115494,0.0690678,0.0603883,0.116649,0.05709,0.090993,0.00957052,0.0305237,1
0.15913,0.0115494,0.0690678,0.0603883,0.116649,0.05709,0.090993,0.00957052,0.0305237,0.0773192,1
0.162324,0.0690678,0.0603883,0.116649,0.05709,0.090993,0.00957052,0.0305237,0.0773192,0.0715934,1
0.16523,0.0603883,0.116649,0.05709,0.090993,0.00957052,0.0305237,0.0773192,0.0715934,0.109306,1
0.1531,0.116649,0.05709,0.090993,0.00957052,0.0305237,0.0773192,0.0715934,0.109306,0.0421868,1
0.135609,0.05709,0.090993,0.00957052,0.0305237,0.0773192,0.0715934,0.109306,0.0421868,0.0310126,1
0.119893,0.090993,0.00957052,0.0305237,0.0773192,0.0715934,0.109306,0.0421868,0.0310126,0.00310624,1
0.108064,0.00957052,0.0305237,0.0773192,0.0715934,0.109306,0.0421868,0.0310126,0.00310624,0.0563373,1
0.109773,0.0305237,0.0773192,0.0715934,0.109306,0.0421868,0.0310126,0.00310624,0.0563373,0.084882,1
0.11683,0.0773192,0.0715934,0.109306,0.0421868,0.0310126,0.00310624,0.0563373,0.084882,0.107242,1
0.115848,0.0715934,0.109306,0.0421868,0.0310126,0.00310624,0.0563373,0.084882,0.107242,0.0206738,1
0.117319,0.109306,0.0421868,0.0310126,0.00310624,0.0563373,0.084882,0.107242,0.0206738,0.0227416,1
0.112424,0.0421868,0.0310126,0.00310624,0.0563373,0.084882,0.107242,0.0206738,0.0227416,0.0109313,1
0.112546,0.0310126,0.00310624,0.0563373,0.084882,0.107242,0.0206738,0.0227416,0.0109313,0.0204066,1
0.113797,0.00310624,0.0563373,0.084882,0.107242,0.0206738,0.0227416,0.0109313,0.0204066,0.118557,1
0.105929,0.0563373,0.084882,0.107242,0.0206738,0.0227416,0.0109313,0.0204066,0.118557,0.0213402,1
0.0865034,0.084882,0.107242,0.0206738,0.0227416,0.0109313,0.0204066,0.118557,0.0213402,0.00752739,1
0.0655851,0.107242,0.0206738,0.0227416,0.0109313,0.0204066,0.118557,0.0213402,0.00752739,0.0084999,1
0.0441234,0.0206738,0.0227416,0.0109313,0.0204066,0.118557,0.0213402,0.00752739,0.0084999,0.027779,1
0.0413358,0.0227416,0.0109313,0.0204066,0.118557,0.0213402,0.00752739,0.0084999,0.027779,0.0197177,1
0.066344,0.0109313,0.0204066,0.118557,0.0213402,0.00752739,0.0084999,0.027779,0.0197177,0.189296,1
0.217239,0.0204066,0.118557,0.0213402,0.00752739,0.0084999,0.027779,0.0197177,0.189296,0.680568,1
2.44241,6.11378,4.70323,4.79855,4.34479,3.45279,0.388281,2.54225,3.77829,3.24062,2
1.98015,4.70323,4.79855,4.34479,3.45279,0.388281,2.54225,3.77829,3.24062,1.4938,2
2.12324,4.79855,4.34479,3.45279,0.388281,2.54225,3.77829,3.24062,1.4938,3.33447,2
1.9363,4.34479,3.45279,0.388281,2.54225,3.77829,3.24062,1.4938,3.33447,3.80243,2
2.21275,3.45279,0.388281,2.54225,3.77829,3.24062,1.4938,3.33447,3.80243,4.12122,2
2.2351,0.388281,2.54225,3.77829,3.24062,1.4938,3.33447,3.80243,4.12122,5.33508,2
2.25573,2.54225,3.77829,3.24062,1.4938,3.33447,3.80243,4.12122,5.33508,3.19541,2
2.29522,3.77829,3.24062,1.4938,3.33447,3.80243,4.12122,5.33508,3.19541,1.04721,2
2.23884,3.24062,1.4938,3.33447,3.80243,4.12122,5.33508,3.19541,1.04721,4.69149,2
2.23848,1.4938,3.33447,3.80243,4.12122,5.33508,3.19541,1.04721,4.69149,4.81922,2
2.10731,3.33447,3.80243,4.12122,5.33508,3.19541,1.04721,4.69149,4.81922,3.06949,2
2.22942,3.80243,4.12122,5.33508,3.19541,1.04721,4.69149,4.81922,3.06949,1.63079,2
2.04537,4.12122,5.33508,3.19541,1.04721,4.69149,4.81922,3.06949,1.63079,1.23392,2
2.15545,5.33508,3.19541,1.04721,4.69149,4.81922,3.06949,1.63079,1.23392,1.22222,2
1.90518,3.19541,1.04721,4.69149,4.81922,3.06949,1.63079,1.23392,1.22222,3.95366,2
1.89166,1.04721,4.69149,4.81922,3.06949,1.63079,1.23392,1.22222,3.95366,3.45716,2
1.82058,4.69149,4.81922,3.06949,1.63079,1.23392,1.22222,3.95366,3.45716,1.38491,2
1.72792,4.81922,3.06949,1.63079,1.23392,1.22222,3.95366,3.45716,1.38491,2.13888,2
1.73176,3.06949,1.63079,1.23392,1.22222,3.95366,3.45716,1.38491,2.13888,4.0514,2
1.93368,1.63079,1.23392,1.22222,3.95366,3.45716,1.38491,2.13888,4.0514,5.88056,2
4.35323,1.23392,1.22222,3.95366,3.45716,1.38491,2.13888,4.0514,5.88056,12.4949,2
4.42091,1.22222,3.95366,3.45716,1.38491,2.13888,4.0514,5.88056,12.4949,7.76848,2
4.47372,3.95366,3.45716,1.38491,2.13888,4.0514,5.88056,12.4949,7.76848,1.94764,2
4.479,3.45716,1.38491,2.13888,4.0514,5.88056,12.4949,7.76848,1.94764,2.47899,2
4.51254,1.38491,2.13888,4.0514,5.88056,12.4949,7.76848,1.94764,2.47899,2.5947,2
4.38321,2.13888,4.0514,5.88056,12.4949,7.76848,1.94764,2.47899,2.5947,0.0554297,2
4.24291,4.0514,5.88056,12.4949,7.76848,1.94764,2.47899,2.5947,0.0554297,2.52479,2
4.04649,5.88056,12.4949,7.76848,1.94764,2.47899,2.5947,0.0554297,2.52479,2.9149,2
3.72172,12.4949,7.76848,1.94764,2.47899,2.5947,0.0554297,2.52479,2.9149,1.25753,2
3.04768,7.76848,1.94764,2.47899,2.5947,0.0554297,2.52479,2.9149,1.25753,0.414563,2
2.19397,1.94764,2.47899,2.5947,0.0554297,2.52479,2.9149,1.25753,0.414563,7.03083,2
2.16918,2.47899,2.5947,0.0554297,2.52479,2.9149,1.25753,0.414563,7.03083,4.02367,2
2.49438,2.5947,0.0554297,2.52479,2.9149,1.25753,0.414563,7.03083,4.02367,3.35239,2
2.68792,0.0554297,2.52479,2.9149,1.25753,0.414563,7.03083,4.02367,3.35239,7.1335,2
2.93341,2.52479,2.9149,1.25753,0.414563,7.03083,4.02367,3.35239,7.1335,6.68328,2
3.07193,2.9149,1.25753,0.414563,7.03083,4.02367,3.35239,7.1335,6.68328,5.77548,2
3.13697,1.25753,0.414563,7.03083,4.02367,3.35239,7.1335,6.68328,5.77548,3.81814,2
3.10284,0.414563,7.03083,4.02367,3.35239,7.1335,6.68328,5.77548,3.81814,1.49135,2
3.11213,7.03083,4.02367,3.35239,7.1335,6.68328,5.77548,3.81814,1.49135,3.16448,2
2.96481,4.02367,3.35239,7.1335,6.68328,5.77548,3.81814,1.49135,3.16448,4.50624,2
2.85136,3.35239,7.1335,6.68328,5.77548,3.81814,1.49135,3.16448,4.50624,4.78244,2
2.87193,7.1335,6.68328,5.77548,3.81814,1.49135,3.16448,4.50624,4.78244,5.47116,2
2.64207,6.68328,5.77548,3.81814,1.49135,3.16448,4.50624,4.78244,5.47116,5.42072,2
2.52393,5.77548,3.81814,1.49135,3.16448,4.50624,4.78244,5.47116,5.42072,4.56018,2
2.20939,3.81814,1.49135,3.16448,4.50624,4.78244,5.47116,5.42072,4.56018,0.615405,2
2.15116,1.49135,3.16448,4.50624,4.78244,5.47116,5.42072,4.56018,0.615405,1.98905,2
2.23374,3.16448,4.50624,4.78244,5.47116,5.42072,4.56018,0.615405,1.98905,3.60969,2
2.30414,4.50624,4.78244,5.47116,5.42072,4.56018,0.615405,1.98905,3.60969,4.85852,2
2.44009,4.78244,5.47116,5.42072,4.56018,0.615405,1.98905,3.60969,4.85852,6.22642,2
2.52009,5.47116,5.42072,4.56018,0.615405,1.98905,3.60969,4.85852,6.22642,6.32651,2
2.30179,5.42072,4.56018,0.615405,1.98905,3.60969,4.85852,6.22642,6.32651,3.13454,2
2.20119,4.56018,0.615405,1.98905,3.60969,4.85852,6.22642,6.32651,3.13454,0.60949,2
2.11911,0.615405,1.98905,3.60969,4.85852,6.22642,6.32651,3.13454,0.60949,2.77208,2
2.07134,1.98905,3.60969,4.85852,6.22642,6.32651,3.13454,0.60949,2.77208,2.8548,2
2.13505,3.60969,4.85852,6.22642,6.32651,3.13454,0.60949,2.77208,2.8548,2.43425,2
2.14987,4.85852,6.22642,6.32651,3.13454,0.60949,2.77208,2.8548,2.43425,0.530548,2
1.94572,6.22642,6.32651,3.13454,0.60949,2.77208,2.8548,2.43425,0.530548,0.706342,2
1.83984,6.32651,3.13454,0.60949,2.77208,2.8548,2.43425,0.530548,0.706342,0.96938,2
1.44522,3.13454,0.60949,2.77208,2.8548,2.43425,0.530548,0.706342,0.96938,2.151,2
1.37715,0.60949,2.77208,2.8548,2.43425,0.530548,0.706342,0.96938,2.151,3.54802,2
1.90963,2.77208,2.8548,2.43425,0.530548,0.706342,0.96938,2.151,3.54802,5.56671,2
1.96185,2.8548,2.43425,0.530548,0.706342,0.96938,2.151,3.54802,5.56671,5.80564,2
2.03807,2.43425,0.530548,0.706342,0.96938,2.151,3.54802,5.56671,5.80564,4.54918,2
2.05076,0.530548,0.706342,0.96938,2.151,3.54802,5.56671,5.80564,4.54918,3.60107,2
2.01956,0.706342,0.96938,2.151,3.54802,5.56671,5.80564,4.54918,3.60107,0.871799,2
2.1336,0.96938,2.151,3.54802,5.56671,5.80564,4.54918,3.60107,0.871799,4.75127,2
2.17638,2.151,3.54802,5.56671,5.80564,4.54918,3.60107,0.871799,4.75127,4.69419,2
2.31229,3.54802,5.56671,5.80564,4.54918,3.60107,0.871799,4.75127,4.69419,4.71261,2
2.34279,5.56671,5.80564,4.54918,3.60107,0.871799,4.75127,4.69419,4.71261,4.45087,2
2.27137,5.80564,4.54918,3.60107,0.871799,4.75127,4.69419,4.71261,4.45087,0.976034,2
2.05917,4.54918,3.60107,0.871799,4.75127,4.69419,4.71261,4.45087,0.976034,2.79185,2
2.09503,3.60107,0.871799,4.75127,4.69419,4.71261,4.45087,0.976034,2.79185,4.4493,2
2.0696,0.871799,4.75127,4.69419,4.71261,4.45087,0.976034,2.79185,4.4493,4.57522,2
2.17212,4.75127,4.69419,4.71261,4.45087,0.976034,2.79185,4.4493,4.57522,4.57953,2
2.30934,4.69419,4.71261,4.45087,0.976034,2.79185,4.4493,4.57522,4.57953,5.80561,2
2.19951,4.71261,4.45087,0.976034,2.79185,4.4493,4.57522,4.57953,5.80561,4.56084,2
2.11968,4.45087,0.976034,2.79185,4.4493,4.57522,4.57953,5.80561,4.56084,0.840847,2
2.02693,0.976034,2.79185,4.4493,4.57522,4.57953,5.80561,4.56084,0.840847,2.37125,2
2.04052,2.79185,4.4493,4.57522,4.57953,5.80561,4.56084,0.840847,2.37125,3.71179,2
2.12265,4.4493,4.57522,4.57953,5.80561,4.56084,0.840847,2.37125,3.71179,4.10892,2
2.13898,4.57522,4.57953,5.80561,4.56084,0.840847,2.37125,3.71179,4.10892,4.181,2
2.0225,4.57953,5.80561,4.56084,0.840847,2.37125,3.71179,4.10892,4.181,3.36332,2
2.06784,5.80561,4.56084,0.840847,2.37125,3.71179,4.10892,4.181,3.36332,3.80266,2
1.99933,4.56084,0.840847,2.37125,3.71179,4.10892,4.181,3.36332,3.80266,4.35712,2
1.80804,0.840847,2.37125,3.71179,4.10892,4.181,3.36332,3.80266,4.35712,3.93336,2
1.89016,2.37125,3.71179,4.10892,4.181,3.36332,3.80266,4.35712,3.93336,0.368508,2
1.95197,3.71179,4.10892,4.181,3.36332,3.80266,4.35712,3.93336,0.368508,3.41334,2
1.91736,4.10892,4.181,3.36332,3.80266,4.35712,3.93336,0.368508,3.41334,3.39707,2
2.37273,4.181,3.36332,3.80266,4.35712,3.93336,0.368508,3.41334,3.39707,6.68565,2
2.33205,3.36332,3.80266,4.35712,3.93336,0.368508,3.41334,3.39707,6.68565,6.34855,2
2.41776,3.80266,4.35712,3.93336,0.368508,3.41334,3.39707,6.68565,6.34855,4.3847,2
2.38501,4.35712,3.93336,0.368508,3.41334,3.39707,6.68565,6.34855,4.3847,3.2683,2
2.27482,3.93336,0.368508,3.41334,3.39707,6.68565,6.34855,4.3847,3.2683,1.51549,2
2.31186,0.368508,3.41334,3.39707,6.68565,6.34855,4.3847,3.2683,1.51549,1.77117,2
2.23192,3.41334,3.39707,6.68565,6.34855,4.3847,3.2683,1.51549,1.77117,3.46939,2
2.12791,3.39707,6.68565,6.34855,4.3847,3.2683,1.51549,1.77117,3.46939,3.54055,2
2.19671,6.68565,6.34855,4.3847,3.2683,1.51549,1.77117,3.46939,3.54055,3.66121,2
2.04203,6.34855,4.3847,3.2683,1.51549,1.77117,3.46939,3.54055,3.66121,0.406665,2
2.10814,4.3847,3.2683,1.51549,1.77117,3.46939,3.54055,3.66121,0.406665,5.62808,2
2.00984,3.2683,1.51549,1.77117,3.46939,3.54055,3.66121,0.406665,5.62808,5.61604,2
1.95887,1.51549,1.77117,3.46939,3.54055,3.66121,0.406665,5.62808,5.61604,2.58836,2
1.96053,1.77117,3.46939,3.54055,3.66121,0.406665,5.62808,5.61604,2.58836,1.00755,2
2.06351,3.46939,3.54055,3.66121,0.406665,5.62808,5.61604,2.58836,1.00755,3.38965,2
2.36114,3.54055,3.66121,0.406665,5.62808,5.61604,2.58836,1.00755,3.38965,5.78582,2
2.36167,3.66121,0.406665,5.62808,5.61604,2.58836,1.00755,3.38965,5.78582,5.79876,2
2.34888,0.406665,5.62808,5.61604,2.58836,1.00755,3.38965,5.78582,5.79876,3.65469,2
2.22625,5.62808,5.61604,2.58836,1.00755,3.38965,5.78582,5.79876,3.65469,2.1315,2
2.34673,5.61604,2.58836,1.00755,3.38965,5.78582,5.79876,3.65469,2.1315,2.40564,2
2.03563,2.58836,1.00755,3.38965,5.78582,5.79876,3.65469,2.1315,2.40564,2.55455,2
2.29143,1.00755,3.38965,5.78582,5.79876,3.65469,2.1315,2.40564,2.55455,3.62607,2
2.29605,3.38965,5.78582,5.79876,3.65469,2.1315,2.40564,2.55455,3.62607,3.60477,2
2.2328,5.78582,5.79876,3.65469,2.1315,2.40564,2.55455,3.62607,3.60477,0.600488,2
2.26332,5.79876,3.65469,2.1315,2.40564,2.55455,3.62607,3.60477,0.600488,1.40928,2
2.10109,3.65469,2.1315,2.40564,2.55455,3.62607,3.60477,0.600488,1.40928,5.44392,2
2.13976,2.1315,2.40564,2.55455,3.62607,3.60477,0.600488,1.40928,5.44392,5.9705,2
