4.42732,0.675471,0.152865,0.0388279,0.182271,0.058626,0.300678,0.776193,1.49192,2.93858,3.947,4.5823,5.71605,6.38581,6.07681,6.35527,5.58661,3.83441,2.75503,2.0954,
0.675471,0.152865,0.0388279,0.182271,0.058626,0.300678,0.776193,1.49192,2.93858,3.947,4.5823,5.71605,6.38581,6.07681,6.35527,5.58661,3.83441,2.75503,2.0954,1.68694,
0.152865,0.0388279,0.182271,0.058626,0.300678,0.776193,1.49192,2.93858,3.947,4.5823,5.71605,6.38581,6.07681,6.35527,5.58661,3.83441,2.75503,2.0954,1.68694,6.7159,
0.0388279,0.182271,0.058626,0.300678,0.776193,1.49192,2.93858,3.947,4.5823,5.71605,6.38581,6.07681,6.35527,5.58661,3.83441,2.75503,2.0954,1.68694,6.7159,11.42,
0.182271,0.058626,0.300678,0.776193,1.49192,2.93858,3.947,4.5823,5.71605,6.38581,6.07681,6.35527,5.58661,3.83441,2.75503,2.0954,1.68694,6.7159,11.42,14.7511,
0.058626,0.300678,0.776193,1.49192,2.93858,3.947,4.5823,5.71605,6.38581,6.07681,6.35527,5.58661,3.83441,2.75503,2.0954,1.68694,6.7159,11.42,14.7511,14.1423,
0.300678,0.776193,1.49192,2.93858,3.947,4.5823,5.71605,6.38581,6.07681,6.35527,5.58661,3.83441,2.75503,2.0954,1.68694,6.7159,11.42,14.7511,14.1423,13.8626,
0.776193,1.49192,2.93858,3.947,4.5823,5.71605,6.38581,6.07681,6.35527,5.58661,3.83441,2.75503,2.0954,1.68694,6.7159,11.42,14.7511,14.1423,13.8626,13.6405,
1.49192,2.93858,3.947,4.5823,5.71605,6.38581,6.07681,6.35527,5.58661,3.83441,2.75503,2.0954,1.68694,6.7159,11.42,14.7511,14.1423,13.8626,13.6405,10.004,
2.93858,3.947,4.5823,5.71605,6.38581,6.07681,6.35527,5.58661,3.83441,2.75503,2.0954,1.68694,6.7159,11.42,14.7511,14.1423,13.8626,13.6405,10.004,6.78383,
3.947,4.5823,5.71605,6.38581,6.07681,6.35527,5.58661,3.83441,2.75503,2.0954,1.68694,6.7159,11.42,14.7511,14.1423,13.8626,13.6405,10.004,6.78383,5.24313,
4.5823,5.71605,6.38581,6.07681,6.35527,5.58661,3.83441,2.75503,2.0954,1.68694,6.7159,11.42,14.7511,14.1423,13.8626,13.6405,10.004,6.78383,5.24313,4.02649,
5.71605,6.38581,6.07681,6.35527,5.58661,3.83441,2.75503,2.0954,1.68694,6.7159,11.42,14.7511,14.1423,13.8626,13.6405,10.004,6.78383,5.24313,4.02649,3.57825,
6.38581,6.07681,6.35527,5.58661,3.83441,2.75503,2.0954,1.68694,6.7159,11.42,14.7511,14.1423,13.8626,13.6405,10.004,6.78383,5.24313,4.02649,3.57825,3.30732,
6.07681,6.35527,5.58661,3.83441,2.75503,2.0954,1.68694,6.7159,11.42,14.7511,14.1423,13.8626,13.6405,10.004,6.78383,5.24313,4.02649,3.57825,3.30732,4.99917,
6.35527,5.58661,3.83441,2.75503,2.0954,1.68694,6.7159,11.42,14.7511,14.1423,13.8626,13.6405,10.004,6.78383,5.24313,4.02649,3.57825,3.30732,4.99917,6.27508,
5.58661,3.83441,2.75503,2.0954,1.68694,6.7159,11.42,14.7511,14.1423,13.8626,13.6405,10.004,6.78383,5.24313,4.02649,3.57825,3.30732,4.99917,6.27508,8.8951,
3.83441,2.75503,2.0954,1.68694,6.7159,11.42,14.7511,14.1423,13.8626,13.6405,10.004,6.78383,5.24313,4.02649,3.57825,3.30732,4.99917,6.27508,8.8951,9.45198,
2.75503,2.0954,1.68694,6.7159,11.42,14.7511,14.1423,13.8626,13.6405,10.004,6.78383,5.24313,4.02649,3.57825,3.30732,4.99917,6.27508,8.8951,9.45198,10.2291,
2.0954,1.68694,6.7159,11.42,14.7511,14.1423,13.8626,13.6405,10.004,6.78383,5.24313,4.02649,3.57825,3.30732,4.99917,6.27508,8.8951,9.45198,10.2291,11.5332,
1.68694,6.7159,11.42,14.7511,14.1423,13.8626,13.6405,10.004,6.78383,5.24313,4.02649,3.57825,3.30732,4.99917,6.27508,8.8951,9.45198,10.2291,11.5332,11.6798,
6.7159,11.42,14.7511,14.1423,13.8626,13.6405,10.004,6.78383,5.24313,4.02649,3.57825,3.30732,4.99917,6.27508,8.8951,9.45198,10.2291,11.5332,11.6798,10.9644,
11.42,14.7511,14.1423,13.8626,13.6405,10.004,6.78383,5.24313,4.02649,3.57825,3.30732,4.99917,6.27508,8.8951,9.45198,10.2291,11.5332,11.6798,10.9644,9.03815,
14.7511,14.1423,13.8626,13.6405,10.004,6.78383,5.24313,4.02649,3.57825,3.30732,4.99917,6.27508,8.8951,9.45198,10.2291,11.5332,11.6798,10.9644,9.03815,7.8124,
14.1423,13.8626,13.6405,10.004,6.78383,5.24313,4.02649,3.57825,3.30732,4.99917,6.27508,8.8951,9.45198,10.2291,11.5332,11.6798,10.9644,9.03815,7.8124,7.71012,
13.8626,13.6405,10.004,6.78383,5.24313,4.02649,3.57825,3.30732,4.99917,6.27508,8.8951,9.45198,10.2291,11.5332,11.6798,10.9644,9.03815,7.8124,7.71012,7.42409,
13.6405,10.004,6.78383,5.24313,4.02649,3.57825,3.30732,4.99917,6.27508,8.8951,9.45198,10.2291,11.5332,11.6798,10.9644,9.03815,7.8124,7.71012,7.42409,6.94171,
10.004,6.78383,5.24313,4.02649,3.57825,3.30732,4.99917,6.27508,8.8951,9.45198,10.2291,11.5332,11.6798,10.9644,9.03815,7.8124,7.71012,7.42409,6.94171,6.15688,
6.78383,5.24313,4.02649,3.57825,3.30732,4.99917,6.27508,8.8951,9.45198,10.2291,11.5332,11.6798,10.9644,9.03815,7.8124,7.71012,7.42409,6.94171,6.15688,5.64302,
5.24313,4.02649,3.57825,3.30732,4.99917,6.27508,8.8951,9.45198,10.2291,11.5332,11.6798,10.9644,9.03815,7.8124,7.71012,7.42409,6.94171,6.15688,5.64302,4.38798,
4.02649,3.57825,3.30732,4.99917,6.27508,8.8951,9.45198,10.2291,11.5332,11.6798,10.9644,9.03815,7.8124,7.71012,7.42409,6.94171,6.15688,5.64302,4.38798,3.74104,
3.57825,3.30732,4.99917,6.27508,8.8951,9.45198,10.2291,11.5332,11.6798,10.9644,9.03815,7.8124,7.71012,7.42409,6.94171,6.15688,5.64302,4.38798,3.74104,2.63763,
3.30732,4.99917,6.27508,8.8951,9.45198,10.2291,11.5332,11.6798,10.9644,9.03815,7.8124,7.71012,7.42409,6.94171,6.15688,5.64302,4.38798,3.74104,2.63763,3.26159,
4.99917,6.27508,8.8951,9.45198,10.2291,11.5332,11.6798,10.9644,9.03815,7.8124,7.71012,7.42409,6.94171,6.15688,5.64302,4.38798,3.74104,2.63763,3.26159,3.79377,
6.27508,8.8951,9.45198,10.2291,11.5332,11.6798,10.9644,9.03815,7.8124,7.71012,7.42409,6.94171,6.15688,5.64302,4.38798,3.74104,2.63763,3.26159,3.79377,4.70193,
8.8951,9.45198,10.2291,11.5332,11.6798,10.9644,9.03815,7.8124,7.71012,7.42409,6.94171,6.15688,5.64302,4.38798,3.74104,2.63763,3.26159,3.79377,4.70193,8.00498,
9.45198,10.2291,11.5332,11.6798,10.9644,9.03815,7.8124,7.71012,7.42409,6.94171,6.15688,5.64302,4.38798,3.74104,2.63763,3.26159,3.79377,4.70193,8.00498,8.40284,
10.2291,11.5332,11.6798,10.9644,9.03815,7.8124,7.71012,7.42409,6.94171,6.15688,5.64302,4.38798,3.74104,2.63763,3.26159,3.79377,4.70193,8.00498,8.40284,9.01822,
11.5332,11.6798,10.9644,9.03815,7.8124,7.71012,7.42409,6.94171,6.15688,5.64302,4.38798,3.74104,2.63763,3.26159,3.79377,4.70193,8.00498,8.40284,9.01822,9.84494,
11.6798,10.9644,9.03815,7.8124,7.71012,7.42409,6.94171,6.15688,5.64302,4.38798,3.74104,2.63763,3.26159,3.79377,4.70193,8.00498,8.40284,9.01822,9.84494,8.31135,
10.9644,9.03815,7.8124,7.71012,7.42409,6.94171,6.15688,5.64302,4.38798,3.74104,2.63763,3.26159,3.79377,4.70193,8.00498,8.40284,9.01822,9.84494,8.31135,7.36628,
9.03815,7.8124,7.71012,7.42409,6.94171,6.15688,5.64302,4.38798,3.74104,2.63763,3.26159,3.79377,4.70193,8.00498,8.40284,9.01822,9.84494,8.31135,7.36628,7.19937,
7.8124,7.71012,7.42409,6.94171,6.15688,5.64302,4.38798,3.74104,2.63763,3.26159,3.79377,4.70193,8.00498,8.40284,9.01822,9.84494,8.31135,7.36628,7.19937,6.90021,
7.71012,7.42409,6.94171,6.15688,5.64302,4.38798,3.74104,2.63763,3.26159,3.79377,4.70193,8.00498,8.40284,9.01822,9.84494,8.31135,7.36628,7.19937,6.90021,6.39534,
7.42409,6.94171,6.15688,5.64302,4.38798,3.74104,2.63763,3.26159,3.79377,4.70193,8.00498,8.40284,9.01822,9.84494,8.31135,7.36628,7.19937,6.90021,6.39534,7.37874,
6.94171,6.15688,5.64302,4.38798,3.74104,2.63763,3.26159,3.79377,4.70193,8.00498,8.40284,9.01822,9.84494,8.31135,7.36628,7.19937,6.90021,6.39534,7.37874,7.49947,
6.15688,5.64302,4.38798,3.74104,2.63763,3.26159,3.79377,4.70193,8.00498,8.40284,9.01822,9.84494,8.31135,7.36628,7.19937,6.90021,6.39534,7.37874,7.49947,6.20488,
5.64302,4.38798,3.74104,2.63763,3.26159,3.79377,4.70193,8.00498,8.40284,9.01822,9.84494,8.31135,7.36628,7.19937,6.90021,6.39534,7.37874,7.49947,6.20488,8.08508,
4.38798,3.74104,2.63763,3.26159,3.79377,4.70193,8.00498,8.40284,9.01822,9.84494,8.31135,7.36628,7.19937,6.90021,6.39534,7.37874,7.49947,6.20488,8.08508,8.01638,
3.74104,2.63763,3.26159,3.79377,4.70193,8.00498,8.40284,9.01822,9.84494,8.31135,7.36628,7.19937,6.90021,6.39534,7.37874,7.49947,6.20488,8.08508,8.01638,9.94458,
2.63763,3.26159,3.79377,4.70193,8.00498,8.40284,9.01822,9.84494,8.31135,7.36628,7.19937,6.90021,6.39534,7.37874,7.49947,6.20488,8.08508,8.01638,9.94458,13.5756,
3.26159,3.79377,4.70193,8.00498,8.40284,9.01822,9.84494,8.31135,7.36628,7.19937,6.90021,6.39534,7.37874,7.49947,6.20488,8.08508,8.01638,9.94458,13.5756,15.2515,
3.79377,4.70193,8.00498,8.40284,9.01822,9.84494,8.31135,7.36628,7.19937,6.90021,6.39534,7.37874,7.49947,6.20488,8.08508,8.01638,9.94458,13.5756,15.2515,13.9241,
4.70193,8.00498,8.40284,9.01822,9.84494,8.31135,7.36628,7.19937,6.90021,6.39534,7.37874,7.49947,6.20488,8.08508,8.01638,9.94458,13.5756,15.2515,13.9241,12.4646,
8.00498,8.40284,9.01822,9.84494,8.31135,7.36628,7.19937,6.90021,6.39534,7.37874,7.49947,6.20488,8.08508,8.01638,9.94458,13.5756,15.2515,13.9241,12.4646,11.3027,
8.40284,9.01822,9.84494,8.31135,7.36628,7.19937,6.90021,6.39534,7.37874,7.49947,6.20488,8.08508,8.01638,9.94458,13.5756,15.2515,13.9241,12.4646,11.3027,9.97945,
9.01822,9.84494,8.31135,7.36628,7.19937,6.90021,6.39534,7.37874,7.49947,6.20488,8.08508,8.01638,9.94458,13.5756,15.2515,13.9241,12.4646,11.3027,9.97945,8.45494,
9.84494,8.31135,7.36628,7.19937,6.90021,6.39534,7.37874,7.49947,6.20488,8.08508,8.01638,9.94458,13.5756,15.2515,13.9241,12.4646,11.3027,9.97945,8.45494,6.61728,
8.31135,7.36628,7.19937,6.90021,6.39534,7.37874,7.49947,6.20488,8.08508,8.01638,9.94458,13.5756,15.2515,13.9241,12.4646,11.3027,9.97945,8.45494,6.61728,4.44306,
7.36628,7.19937,6.90021,6.39534,7.37874,7.49947,6.20488,8.08508,8.01638,9.94458,13.5756,15.2515,13.9241,12.4646,11.3027,9.97945,8.45494,6.61728,4.44306,2.65678,
7.19937,6.90021,6.39534,7.37874,7.49947,6.20488,8.08508,8.01638,9.94458,13.5756,15.2515,13.9241,12.4646,11.3027,9.97945,8.45494,6.61728,4.44306,2.65678,2.37931,
6.90021,6.39534,7.37874,7.49947,6.20488,8.08508,8.01638,9.94458,13.5756,15.2515,13.9241,12.4646,11.3027,9.97945,8.45494,6.61728,4.44306,2.65678,2.37931,3.52566,
6.39534,7.37874,7.49947,6.20488,8.08508,8.01638,9.94458,13.5756,15.2515,13.9241,12.4646,11.3027,9.97945,8.45494,6.61728,4.44306,2.65678,2.37931,3.52566,5.77889,
7.37874,7.49947,6.20488,8.08508,8.01638,9.94458,13.5756,15.2515,13.9241,12.4646,11.3027,9.97945,8.45494,6.61728,4.44306,2.65678,2.37931,3.52566,5.77889,8.98211,
7.49947,6.20488,8.08508,8.01638,9.94458,13.5756,15.2515,13.9241,12.4646,11.3027,9.97945,8.45494,6.61728,4.44306,2.65678,2.37931,3.52566,5.77889,8.98211,11.003,
6.20488,8.08508,8.01638,9.94458,13.5756,15.2515,13.9241,12.4646,11.3027,9.97945,8.45494,6.61728,4.44306,2.65678,2.37931,3.52566,5.77889,8.98211,11.003,11.8083,
8.08508,8.01638,9.94458,13.5756,15.2515,13.9241,12.4646,11.3027,9.97945,8.45494,6.61728,4.44306,2.65678,2.37931,3.52566,5.77889,8.98211,11.003,11.8083,11.936,
8.01638,9.94458,13.5756,15.2515,13.9241,12.4646,11.3027,9.97945,8.45494,6.61728,4.44306,2.65678,2.37931,3.52566,5.77889,8.98211,11.003,11.8083,11.936,11.9285,
9.94458,13.5756,15.2515,13.9241,12.4646,11.3027,9.97945,8.45494,6.61728,4.44306,2.65678,2.37931,3.52566,5.77889,8.98211,11.003,11.8083,11.936,11.9285,10.6419,
13.5756,15.2515,13.9241,12.4646,11.3027,9.97945,8.45494,6.61728,4.44306,2.65678,2.37931,3.52566,5.77889,8.98211,11.003,11.8083,11.936,11.9285,10.6419,8.43081,
15.2515,13.9241,12.4646,11.3027,9.97945,8.45494,6.61728,4.44306,2.65678,2.37931,3.52566,5.77889,8.98211,11.003,11.8083,11.936,11.9285,10.6419,8.43081,7.93758,
13.9241,12.4646,11.3027,9.97945,8.45494,6.61728,4.44306,2.65678,2.37931,3.52566,5.77889,8.98211,11.003,11.8083,11.936,11.9285,10.6419,8.43081,7.93758,11.5433,
12.4646,11.3027,9.97945,8.45494,6.61728,4.44306,2.65678,2.37931,3.52566,5.77889,8.98211,11.003,11.8083,11.936,11.9285,10.6419,8.43081,7.93758,11.5433,6.89318,
11.3027,9.97945,8.45494,6.61728,4.44306,2.65678,2.37931,3.52566,5.77889,8.98211,11.003,11.8083,11.936,11.9285,10.6419,8.43081,7.93758,11.5433,6.89318,5.10076,
9.97945,8.45494,6.61728,4.44306,2.65678,2.37931,3.52566,5.77889,8.98211,11.003,11.8083,11.936,11.9285,10.6419,8.43081,7.93758,11.5433,6.89318,5.10076,4.72771,
8.45494,6.61728,4.44306,2.65678,2.37931,3.52566,5.77889,8.98211,11.003,11.8083,11.936,11.9285,10.6419,8.43081,7.93758,11.5433,6.89318,5.10076,4.72771,2.67317,
6.61728,4.44306,2.65678,2.37931,3.52566,5.77889,8.98211,11.003,11.8083,11.936,11.9285,10.6419,8.43081,7.93758,11.5433,6.89318,5.10076,4.72771,2.67317,2.36139,
4.44306,2.65678,2.37931,3.52566,5.77889,8.98211,11.003,11.8083,11.936,11.9285,10.6419,8.43081,7.93758,11.5433,6.89318,5.10076,4.72771,2.67317,2.36139,6.55018,
2.65678,2.37931,3.52566,5.77889,8.98211,11.003,11.8083,11.936,11.9285,10.6419,8.43081,7.93758,11.5433,6.89318,5.10076,4.72771,2.67317,2.36139,6.55018,10.7776,
2.37931,3.52566,5.77889,8.98211,11.003,11.8083,11.936,11.9285,10.6419,8.43081,7.93758,11.5433,6.89318,5.10076,4.72771,2.67317,2.36139,6.55018,10.7776,11.0721,
3.52566,5.77889,8.98211,11.003,11.8083,11.936,11.9285,10.6419,8.43081,7.93758,11.5433,6.89318,5.10076,4.72771,2.67317,2.36139,6.55018,10.7776,11.0721,10.1829,
5.77889,8.98211,11.003,11.8083,11.936,11.9285,10.6419,8.43081,7.93758,11.5433,6.89318,5.10076,4.72771,2.67317,2.36139,6.55018,10.7776,11.0721,10.1829,11.0106,
8.98211,11.003,11.8083,11.936,11.9285,10.6419,8.43081,7.93758,11.5433,6.89318,5.10076,4.72771,2.67317,2.36139,6.55018,10.7776,11.0721,10.1829,11.0106,11.7764,
11.003,11.8083,11.936,11.9285,10.6419,8.43081,7.93758,11.5433,6.89318,5.10076,4.72771,2.67317,2.36139,6.55018,10.7776,11.0721,10.1829,11.0106,11.7764,10.6186,
11.8083,11.936,11.9285,10.6419,8.43081,7.93758,11.5433,6.89318,5.10076,4.72771,2.67317,2.36139,6.55018,10.7776,11.0721,10.1829,11.0106,11.7764,10.6186,9.52315,
11.936,11.9285,10.6419,8.43081,7.93758,11.5433,6.89318,5.10076,4.72771,2.67317,2.36139,6.55018,10.7776,11.0721,10.1829,11.0106,11.7764,10.6186,9.52315,9.48892,
11.9285,10.6419,8.43081,7.93758,11.5433,6.89318,5.10076,4.72771,2.67317,2.36139,6.55018,10.7776,11.0721,10.1829,11.0106,11.7764,10.6186,9.52315,9.48892,10.3682,
10.6419,8.43081,7.93758,11.5433,6.89318,5.10076,4.72771,2.67317,2.36139,6.55018,10.7776,11.0721,10.1829,11.0106,11.7764,10.6186,9.52315,9.48892,10.3682,8.22075,
8.43081,7.93758,11.5433,6.89318,5.10076,4.72771,2.67317,2.36139,6.55018,10.7776,11.0721,10.1829,11.0106,11.7764,10.6186,9.52315,9.48892,10.3682,8.22075,7.11576,
7.93758,11.5433,6.89318,5.10076,4.72771,2.67317,2.36139,6.55018,10.7776,11.0721,10.1829,11.0106,11.7764,10.6186,9.52315,9.48892,10.3682,8.22075,7.11576,5.75909,
11.5433,6.89318,5.10076,4.72771,2.67317,2.36139,6.55018,10.7776,11.0721,10.1829,11.0106,11.7764,10.6186,9.52315,9.48892,10.3682,8.22075,7.11576,5.75909,5.37475,
6.89318,5.10076,4.72771,2.67317,2.36139,6.55018,10.7776,11.0721,10.1829,11.0106,11.7764,10.6186,9.52315,9.48892,10.3682,8.22075,7.11576,5.75909,5.37475,5.14049,
5.10076,4.72771,2.67317,2.36139,6.55018,10.7776,11.0721,10.1829,11.0106,11.7764,10.6186,9.52315,9.48892,10.3682,8.22075,7.11576,5.75909,5.37475,5.14049,5.35274,
4.72771,2.67317,2.36139,6.55018,10.7776,11.0721,10.1829,11.0106,11.7764,10.6186,9.52315,9.48892,10.3682,8.22075,7.11576,5.75909,5.37475,5.14049,5.35274,5.51498,
2.67317,2.36139,6.55018,10.7776,11.0721,10.1829,11.0106,11.7764,10.6186,9.52315,9.48892,10.3682,8.22075,7.11576,5.75909,5.37475,5.14049,5.35274,5.51498,5.08046,
2.36139,6.55018,10.7776,11.0721,10.1829,11.0106,11.7764,10.6186,9.52315,9.48892,10.3682,8.22075,7.11576,5.75909,5.37475,5.14049,5.35274,5.51498,5.08046,4.51946,
6.55018,10.7776,11.0721,10.1829,11.0106,11.7764,10.6186,9.52315,9.48892,10.3682,8.22075,7.11576,5.75909,5.37475,5.14049,5.35274,5.51498,5.08046,4.51946,4.19152,
10.7776,11.0721,10.1829,11.0106,11.7764,10.6186,9.52315,9.48892,10.3682,8.22075,7.11576,5.75909,5.37475,5.14049,5.35274,5.51498,5.08046,4.51946,4.19152,5.00223,
11.0721,10.1829,11.0106,11.7764,10.6186,9.52315,9.48892,10.3682,8.22075,7.11576,5.75909,5.37475,5.14049,5.35274,5.51498,5.08046,4.51946,4.19152,5.00223,6.10606,
10.1829,11.0106,11.7764,10.6186,9.52315,9.48892,10.3682,8.22075,7.11576,5.75909,5.37475,5.14049,5.35274,5.51498,5.08046,4.51946,4.19152,5.00223,6.10606,6.49362,
11.0106,11.7764,10.6186,9.52315,9.48892,10.3682,8.22075,7.11576,5.75909,5.37475,5.14049,5.35274,5.51498,5.08046,4.51946,4.19152,5.00223,6.10606,6.49362,7.55302,
11.7764,10.6186,9.52315,9.48892,10.3682,8.22075,7.11576,5.75909,5.37475,5.14049,5.35274,5.51498,5.08046,4.51946,4.19152,5.00223,6.10606,6.49362,7.55302,7.72813,
10.6186,9.52315,9.48892,10.3682,8.22075,7.11576,5.75909,5.37475,5.14049,5.35274,5.51498,5.08046,4.51946,4.19152,5.00223,6.10606,6.49362,7.55302,7.72813,8.23576,
9.52315,9.48892,10.3682,8.22075,7.11576,5.75909,5.37475,5.14049,5.35274,5.51498,5.08046,4.51946,4.19152,5.00223,6.10606,6.49362,7.55302,7.72813,8.23576,8.28195,
9.48892,10.3682,8.22075,7.11576,5.75909,5.37475,5.14049,5.35274,5.51498,5.08046,4.51946,4.19152,5.00223,6.10606,6.49362,7.55302,7.72813,8.23576,8.28195,7.85278,
10.3682,8.22075,7.11576,5.75909,5.37475,5.14049,5.35274,5.51498,5.08046,4.51946,4.19152,5.00223,6.10606,6.49362,7.55302,7.72813,8.23576,8.28195,7.85278,6.9465,
8.22075,7.11576,5.75909,5.37475,5.14049,5.35274,5.51498,5.08046,4.51946,4.19152,5.00223,6.10606,6.49362,7.55302,7.72813,8.23576,8.28195,7.85278,6.9465,4.92822,
7.11576,5.75909,5.37475,5.14049,5.35274,5.51498,5.08046,4.51946,4.19152,5.00223,6.10606,6.49362,7.55302,7.72813,8.23576,8.28195,7.85278,6.9465,4.92822,7.24594,
5.75909,5.37475,5.14049,5.35274,5.51498,5.08046,4.51946,4.19152,5.00223,6.10606,6.49362,7.55302,7.72813,8.23576,8.28195,7.85278,6.9465,4.92822,7.24594,8.81894,
5.37475,5.14049,5.35274,5.51498,5.08046,4.51946,4.19152,5.00223,6.10606,6.49362,7.55302,7.72813,8.23576,8.28195,7.85278,6.9465,4.92822,7.24594,8.81894,8.98705,
5.14049,5.35274,5.51498,5.08046,4.51946,4.19152,5.00223,6.10606,6.49362,7.55302,7.72813,8.23576,8.28195,7.85278,6.9465,4.92822,7.24594,8.81894,8.98705,8.56022,
5.35274,5.51498,5.08046,4.51946,4.19152,5.00223,6.10606,6.49362,7.55302,7.72813,8.23576,8.28195,7.85278,6.9465,4.92822,7.24594,8.81894,8.98705,8.56022,7.04195,
5.51498,5.08046,4.51946,4.19152,5.00223,6.10606,6.49362,7.55302,7.72813,8.23576,8.28195,7.85278,6.9465,4.92822,7.24594,8.81894,8.98705,8.56022,7.04195,7.08086,
5.08046,4.51946,4.19152,5.00223,6.10606,6.49362,7.55302,7.72813,8.23576,8.28195,7.85278,6.9465,4.92822,7.24594,8.81894,8.98705,8.56022,7.04195,7.08086,7.36272,
4.51946,4.19152,5.00223,6.10606,6.49362,7.55302,7.72813,8.23576,8.28195,7.85278,6.9465,4.92822,7.24594,8.81894,8.98705,8.56022,7.04195,7.08086,7.36272,7.419,
4.19152,5.00223,6.10606,6.49362,7.55302,7.72813,8.23576,8.28195,7.85278,6.9465,4.92822,7.24594,8.81894,8.98705,8.56022,7.04195,7.08086,7.36272,7.419,9.02638,
5.00223,6.10606,6.49362,7.55302,7.72813,8.23576,8.28195,7.85278,6.9465,4.92822,7.24594,8.81894,8.98705,8.56022,7.04195,7.08086,7.36272,7.419,9.02638,9.49085,
6.10606,6.49362,7.55302,7.72813,8.23576,8.28195,7.85278,6.9465,4.92822,7.24594,8.81894,8.98705,8.56022,7.04195,7.08086,7.36272,7.419,9.02638,9.49085,9.85927,
6.49362,7.55302,7.72813,8.23576,8.28195,7.85278,6.9465,4.92822,7.24594,8.81894,8.98705,8.56022,7.04195,7.08086,7.36272,7.419,9.02638,9.49085,9.85927,10.5097,
7.55302,7.72813,8.23576,8.28195,7.85278,6.9465,4.92822,7.24594,8.81894,8.98705,8.56022,7.04195,7.08086,7.36272,7.419,9.02638,9.49085,9.85927,10.5097,10.1768,
7.72813,8.23576,8.28195,7.85278,6.9465,4.92822,7.24594,8.81894,8.98705,8.56022,7.04195,7.08086,7.36272,7.419,9.02638,9.49085,9.85927,10.5097,10.1768,10.8375,
8.23576,8.28195,7.85278,6.9465,4.92822,7.24594,8.81894,8.98705,8.56022,7.04195,7.08086,7.36272,7.419,9.02638,9.49085,9.85927,10.5097,10.1768,10.8375,11.3323,
8.28195,7.85278,6.9465,4.92822,7.24594,8.81894,8.98705,8.56022,7.04195,7.08086,7.36272,7.419,9.02638,9.49085,9.85927,10.5097,10.1768,10.8375,11.3323,10.5872,
7.85278,6.9465,4.92822,7.24594,8.81894,8.98705,8.56022,7.04195,7.08086,7.36272,7.419,9.02638,9.49085,9.85927,10.5097,10.1768,10.8375,11.3323,10.5872,8.58621,
6.9465,4.92822,7.24594,8.81894,8.98705,8.56022,7.04195,7.08086,7.36272,7.419,9.02638,9.49085,9.85927,10.5097,10.1768,10.8375,11.3323,10.5872,8.58621,6.94781,
4.92822,7.24594,8.81894,8.98705,8.56022,7.04195,7.08086,7.36272,7.419,9.02638,9.49085,9.85927,10.5097,10.1768,10.8375,11.3323,10.5872,8.58621,6.94781,6.16897,
7.24594,8.81894,8.98705,8.56022,7.04195,7.08086,7.36272,7.419,9.02638,9.49085,9.85927,10.5097,10.1768,10.8375,11.3323,10.5872,8.58621,6.94781,6.16897,6.09699,
8.81894,8.98705,8.56022,7.04195,7.08086,7.36272,7.419,9.02638,9.49085,9.85927,10.5097,10.1768,10.8375,11.3323,10.5872,8.58621,6.94781,6.16897,6.09699,4.98466,
8.98705,8.56022,7.04195,7.08086,7.36272,7.419,9.02638,9.49085,9.85927,10.5097,10.1768,10.8375,11.3323,10.5872,8.58621,6.94781,6.16897,6.09699,4.98466,5.77704,
8.56022,7.04195,7.08086,7.36272,7.419,9.02638,9.49085,9.85927,10.5097,10.1768,10.8375,11.3323,10.5872,8.58621,6.94781,6.16897,6.09699,4.98466,5.77704,6.73842,
7.04195,7.08086,7.36272,7.419,9.02638,9.49085,9.85927,10.5097,10.1768,10.8375,11.3323,10.5872,8.58621,6.94781,6.16897,6.09699,4.98466,5.77704,6.73842,8.57146,
7.08086,7.36272,7.419,9.02638,9.49085,9.85927,10.5097,10.1768,10.8375,11.3323,10.5872,8.58621,6.94781,6.16897,6.09699,4.98466,5.77704,6.73842,8.57146,8.86438,
7.36272,7.419,9.02638,9.49085,9.85927,10.5097,10.1768,10.8375,11.3323,10.5872,8.58621,6.94781,6.16897,6.09699,4.98466,5.77704,6.73842,8.57146,8.86438,8.02727,
7.419,9.02638,9.49085,9.85927,10.5097,10.1768,10.8375,11.3323,10.5872,8.58621,6.94781,6.16897,6.09699,4.98466,5.77704,6.73842,8.57146,8.86438,8.02727,6.72405,
9.02638,9.49085,9.85927,10.5097,10.1768,10.8375,11.3323,10.5872,8.58621,6.94781,6.16897,6.09699,4.98466,5.77704,6.73842,8.57146,8.86438,8.02727,6.72405,5.30206,
9.49085,9.85927,10.5097,10.1768,10.8375,11.3323,10.5872,8.58621,6.94781,6.16897,6.09699,4.98466,5.77704,6.73842,8.57146,8.86438,8.02727,6.72405,5.30206,3.76423,
9.85927,10.5097,10.1768,10.8375,11.3323,10.5872,8.58621,6.94781,6.16897,6.09699,4.98466,5.77704,6.73842,8.57146,8.86438,8.02727,6.72405,5.30206,3.76423,2.76057,
10.5097,10.1768,10.8375,11.3323,10.5872,8.58621,6.94781,6.16897,6.09699,4.98466,5.77704,6.73842,8.57146,8.86438,8.02727,6.72405,5.30206,3.76423,2.76057,2.767,
10.1768,10.8375,11.3323,10.5872,8.58621,6.94781,6.16897,6.09699,4.98466,5.77704,6.73842,8.57146,8.86438,8.02727,6.72405,5.30206,3.76423,2.76057,2.767,3.15724,
10.8375,11.3323,10.5872,8.58621,6.94781,6.16897,6.09699,4.98466,5.77704,6.73842,8.57146,8.86438,8.02727,6.72405,5.30206,3.76423,2.76057,2.767,3.15724,4.08192,
11.3323,10.5872,8.58621,6.94781,6.16897,6.09699,4.98466,5.77704,6.73842,8.57146,8.86438,8.02727,6.72405,5.30206,3.76423,2.76057,2.767,3.15724,4.08192,4.68588,
10.5872,8.58621,6.94781,6.16897,6.09699,4.98466,5.77704,6.73842,8.57146,8.86438,8.02727,6.72405,5.30206,3.76423,2.76057,2.767,3.15724,4.08192,4.68588,6.2956,
8.58621,6.94781,6.16897,6.09699,4.98466,5.77704,6.73842,8.57146,8.86438,8.02727,6.72405,5.30206,3.76423,2.76057,2.767,3.15724,4.08192,4.68588,6.2956,8.47773,
6.94781,6.16897,6.09699,4.98466,5.77704,6.73842,8.57146,8.86438,8.02727,6.72405,5.30206,3.76423,2.76057,2.767,3.15724,4.08192,4.68588,6.2956,8.47773,9.54699,
6.16897,6.09699,4.98466,5.77704,6.73842,8.57146,8.86438,8.02727,6.72405,5.30206,3.76423,2.76057,2.767,3.15724,4.08192,4.68588,6.2956,8.47773,9.54699,8.9063,
6.09699,4.98466,5.77704,6.73842,8.57146,8.86438,8.02727,6.72405,5.30206,3.76423,2.76057,2.767,3.15724,4.08192,4.68588,6.2956,8.47773,9.54699,8.9063,6.74897,
4.98466,5.77704,6.73842,8.57146,8.86438,8.02727,6.72405,5.30206,3.76423,2.76057,2.767,3.15724,4.08192,4.68588,6.2956,8.47773,9.54699,8.9063,6.74897,5.48411,
5.77704,6.73842,8.57146,8.86438,8.02727,6.72405,5.30206,3.76423,2.76057,2.767,3.15724,4.08192,4.68588,6.2956,8.47773,9.54699,8.9063,6.74897,5.48411,5.70051,
6.73842,8.57146,8.86438,8.02727,6.72405,5.30206,3.76423,2.76057,2.767,3.15724,4.08192,4.68588,6.2956,8.47773,9.54699,8.9063,6.74897,5.48411,5.70051,5.2101,
8.57146,8.86438,8.02727,6.72405,5.30206,3.76423,2.76057,2.767,3.15724,4.08192,4.68588,6.2956,8.47773,9.54699,8.9063,6.74897,5.48411,5.70051,5.2101,5.42815,
8.86438,8.02727,6.72405,5.30206,3.76423,2.76057,2.767,3.15724,4.08192,4.68588,6.2956,8.47773,9.54699,8.9063,6.74897,5.48411,5.70051,5.2101,5.42815,8.30899,
8.02727,6.72405,5.30206,3.76423,2.76057,2.767,3.15724,4.08192,4.68588,6.2956,8.47773,9.54699,8.9063,6.74897,5.48411,5.70051,5.2101,5.42815,8.30899,7.10633,
6.72405,5.30206,3.76423,2.76057,2.767,3.15724,4.08192,4.68588,6.2956,8.47773,9.54699,8.9063,6.74897,5.48411,5.70051,5.2101,5.42815,8.30899,7.10633,6.44088,
5.30206,3.76423,2.76057,2.767,3.15724,4.08192,4.68588,6.2956,8.47773,9.54699,8.9063,6.74897,5.48411,5.70051,5.2101,5.42815,8.30899,7.10633,6.44088,5.07162,
3.76423,2.76057,2.767,3.15724,4.08192,4.68588,6.2956,8.47773,9.54699,8.9063,6.74897,5.48411,5.70051,5.2101,5.42815,8.30899,7.10633,6.44088,5.07162,6.42409,
2.76057,2.767,3.15724,4.08192,4.68588,6.2956,8.47773,9.54699,8.9063,6.74897,5.48411,5.70051,5.2101,5.42815,8.30899,7.10633,6.44088,5.07162,6.42409,10.3604,
2.767,3.15724,4.08192,4.68588,6.2956,8.47773,9.54699,8.9063,6.74897,5.48411,5.70051,5.2101,5.42815,8.30899,7.10633,6.44088,5.07162,6.42409,10.3604,10.406,
3.15724,4.08192,4.68588,6.2956,8.47773,9.54699,8.9063,6.74897,5.48411,5.70051,5.2101,5.42815,8.30899,7.10633,6.44088,5.07162,6.42409,10.3604,10.406,10.0787,
4.08192,4.68588,6.2956,8.47773,9.54699,8.9063,6.74897,5.48411,5.70051,5.2101,5.42815,8.30899,7.10633,6.44088,5.07162,6.42409,10.3604,10.406,10.0787,11.0585,
4.68588,6.2956,8.47773,9.54699,8.9063,6.74897,5.48411,5.70051,5.2101,5.42815,8.30899,7.10633,6.44088,5.07162,6.42409,10.3604,10.406,10.0787,11.0585,10.3467,
6.2956,8.47773,9.54699,8.9063,6.74897,5.48411,5.70051,5.2101,5.42815,8.30899,7.10633,6.44088,5.07162,6.42409,10.3604,10.406,10.0787,11.0585,10.3467,10.339,
8.47773,9.54699,8.9063,6.74897,5.48411,5.70051,5.2101,5.42815,8.30899,7.10633,6.44088,5.07162,6.42409,10.3604,10.406,10.0787,11.0585,10.3467,10.339,9.34587,
9.54699,8.9063,6.74897,5.48411,5.70051,5.2101,5.42815,8.30899,7.10633,6.44088,5.07162,6.42409,10.3604,10.406,10.0787,11.0585,10.3467,10.339,9.34587,3.41665,
8.9063,6.74897,5.48411,5.70051,5.2101,5.42815,8.30899,7.10633,6.44088,5.07162,6.42409,10.3604,10.406,10.0787,11.0585,10.3467,10.339,9.34587,3.41665,2.47355,
6.74897,5.48411,5.70051,5.2101,5.42815,8.30899,7.10633,6.44088,5.07162,6.42409,10.3604,10.406,10.0787,11.0585,10.3467,10.339,9.34587,3.41665,2.47355,6.48701,
5.48411,5.70051,5.2101,5.42815,8.30899,7.10633,6.44088,5.07162,6.42409,10.3604,10.406,10.0787,11.0585,10.3467,10.339,9.34587,3.41665,2.47355,6.48701,9.18679,
5.70051,5.2101,5.42815,8.30899,7.10633,6.44088,5.07162,6.42409,10.3604,10.406,10.0787,11.0585,10.3467,10.339,9.34587,3.41665,2.47355,6.48701,9.18679,6.11479,
5.2101,5.42815,8.30899,7.10633,6.44088,5.07162,6.42409,10.3604,10.406,10.0787,11.0585,10.3467,10.339,9.34587,3.41665,2.47355,6.48701,9.18679,6.11479,2.05747,
5.42815,8.30899,7.10633,6.44088,5.07162,6.42409,10.3604,10.406,10.0787,11.0585,10.3467,10.339,9.34587,3.41665,2.47355,6.48701,9.18679,6.11479,2.05747,0.072471,
8.30899,7.10633,6.44088,5.07162,6.42409,10.3604,10.406,10.0787,11.0585,10.3467,10.339,9.34587,3.41665,2.47355,6.48701,9.18679,6.11479,2.05747,0.072471,0.265525,
7.10633,6.44088,5.07162,6.42409,10.3604,10.406,10.0787,11.0585,10.3467,10.339,9.34587,3.41665,2.47355,6.48701,9.18679,6.11479,2.05747,0.072471,0.265525,0.301458,
6.44088,5.07162,6.42409,10.3604,10.406,10.0787,11.0585,10.3467,10.339,9.34587,3.41665,2.47355,6.48701,9.18679,6.11479,2.05747,0.072471,0.265525,0.301458,0.060394,
5.07162,6.42409,10.3604,10.406,10.0787,11.0585,10.3467,10.339,9.34587,3.41665,2.47355,6.48701,9.18679,6.11479,2.05747,0.072471,0.265525,0.301458,0.060394,0.0399914,
6.42409,10.3604,10.406,10.0787,11.0585,10.3467,10.339,9.34587,3.41665,2.47355,6.48701,9.18679,6.11479,2.05747,0.072471,0.265525,0.301458,0.060394,0.0399914,0.000833527,
10.3604,10.406,10.0787,11.0585,10.3467,10.339,9.34587,3.41665,2.47355,6.48701,9.18679,6.11479,2.05747,0.072471,0.265525,0.301458,0.060394,0.0399914,0.000833527,0.0306703,
10.406,10.0787,11.0585,10.3467,10.339,9.34587,3.41665,2.47355,6.48701,9.18679,6.11479,2.05747,0.072471,0.265525,0.301458,0.060394,0.0399914,0.000833527,0.0306703,0.00561725,
10.0787,11.0585,10.3467,10.339,9.34587,3.41665,2.47355,6.48701,9.18679,6.11479,2.05747,0.072471,0.265525,0.301458,0.060394,0.0399914,0.000833527,0.0306703,0.00561725,0.015277,
11.0585,10.3467,10.339,9.34587,3.41665,2.47355,6.48701,9.18679,6.11479,2.05747,0.072471,0.265525,0.301458,0.060394,0.0399914,0.000833527,0.0306703,0.00561725,0.015277,0.00351499,
10.3467,10.339,9.34587,3.41665,2.47355,6.48701,9.18679,6.11479,2.05747,0.072471,0.265525,0.301458,0.060394,0.0399914,0.000833527,0.0306703,0.00561725,0.015277,0.00351499,0.0409487,
10.339,9.34587,3.41665,2.47355,6.48701,9.18679,6.11479,2.05747,0.072471,0.265525,0.301458,0.060394,0.0399914,0.000833527,0.0306703,0.00561725,0.015277,0.00351499,0.0409487,0.00762918,
9.34587,3.41665,2.47355,6.48701,9.18679,6.11479,2.05747,0.072471,0.265525,0.301458,0.060394,0.0399914,0.000833527,0.0306703,0.00561725,0.015277,0.00351499,0.0409487,0.00762918,0.00171347,
3.41665,2.47355,6.48701,9.18679,6.11479,2.05747,0.072471,0.265525,0.301458,0.060394,0.0399914,0.000833527,0.0306703,0.00561725,0.015277,0.00351499,0.0409487,0.00762918,0.00171347,0.0113394,
2.47355,6.48701,9.18679,6.11479,2.05747,0.072471,0.265525,0.301458,0.060394,0.0399914,0.000833527,0.0306703,0.00561725,0.015277,0.00351499,0.0409487,0.00762918,0.00171347,0.0113394,0.00617549,
6.48701,9.18679,6.11479,2.05747,0.072471,0.265525,0.301458,0.060394,0.0399914,0.000833527,0.0306703,0.00561725,0.015277,0.00351499,0.0409487,0.00762918,0.00171347,0.0113394,0.00617549,0.00304996,
9.18679,6.11479,2.05747,0.072471,0.265525,0.301458,0.060394,0.0399914,0.000833527,0.0306703,0.00561725,0.015277,0.00351499,0.0409487,0.00762918,0.00171347,0.0113394,0.00617549,0.00304996,0.0219086,
6.11479,2.05747,0.072471,0.265525,0.301458,0.060394,0.0399914,0.000833527,0.0306703,0.00561725,0.015277,0.00351499,0.0409487,0.00762918,0.00171347,0.0113394,0.00617549,0.00304996,0.0219086,0.0118768,
2.05747,0.072471,0.265525,0.301458,0.060394,0.0399914,0.000833527,0.0306703,0.00561725,0.015277,0.00351499,0.0409487,0.00762918,0.00171347,0.0113394,0.00617549,0.00304996,0.0219086,0.0118768,0.232454,
0.072471,0.265525,0.301458,0.060394,0.0399914,0.000833527,0.0306703,0.00561725,0.015277,0.00351499,0.0409487,0.00762918,0.00171347,0.0113394,0.00617549,0.00304996,0.0219086,0.0118768,0.232454,0.0917322,
0.265525,0.301458,0.060394,0.0399914,0.000833527,0.0306703,0.00561725,0.015277,0.00351499,0.0409487,0.00762918,0.00171347,0.0113394,0.00617549,0.00304996,0.0219086,0.0118768,0.232454,0.0917322,0.0155474,
0.301458,0.060394,0.0399914,0.000833527,0.0306703,0.00561725,0.015277,0.00351499,0.0409487,0.00762918,0.00171347,0.0113394,0.00617549,0.00304996,0.0219086,0.0118768,0.232454,0.0917322,0.0155474,0.0488454,
0.060394,0.0399914,0.000833527,0.0306703,0.00561725,0.015277,0.00351499,0.0409487,0.00762918,0.00171347,0.0113394,0.00617549,0.00304996,0.0219086,0.0118768,0.232454,0.0917322,0.0155474,0.0488454,0.0358017,
0.0399914,0.000833527,0.0306703,0.00561725,0.015277,0.00351499,0.0409487,0.00762918,0.00171347,0.0113394,0.00617549,0.00304996,0.0219086,0.0118768,0.232454,0.0917322,0.0155474,0.0488454,0.0358017,0.114975,
0.000833527,0.0306703,0.00561725,0.015277,0.00351499,0.0409487,0.00762918,0.00171347,0.0113394,0.00617549,0.00304996,0.0219086,0.0118768,0.232454,0.0917322,0.0155474,0.0488454,0.0358017,0.114975,0.124369,
0.0306703,0.00561725,0.015277,0.00351499,0.0409487,0.00762918,0.00171347,0.0113394,0.00617549,0.00304996,0.0219086,0.0118768,0.232454,0.0917322,0.0155474,0.0488454,0.0358017,0.114975,0.124369,0.235092,
0.00561725,0.015277,0.00351499,0.0409487,0.00762918,0.00171347,0.0113394,0.00617549,0.00304996,0.0219086,0.0118768,0.232454,0.0917322,0.0155474,0.0488454,0.0358017,0.114975,0.124369,0.235092,0.104985,
0.015277,0.00351499,0.0409487,0.00762918,0.00171347,0.0113394,0.00617549,0.00304996,0.0219086,0.0118768,0.232454,0.0917322,0.0155474,0.0488454,0.0358017,0.114975,0.124369,0.235092,0.104985,0.107215,
0.00351499,0.0409487,0.00762918,0.00171347,0.0113394,0.00617549,0.00304996,0.0219086,0.0118768,0.232454,0.0917322,0.0155474,0.0488454,0.0358017,0.114975,0.124369,0.235092,0.104985,0.107215,0.102808,
0.0409487,0.00762918,0.00171347,0.0113394,0.00617549,0.00304996,0.0219086,0.0118768,0.232454,0.0917322,0.0155474,0.0488454,0.0358017,0.114975,0.124369,0.235092,0.104985,0.107215,0.102808,0.0574113,
0.00762918,0.00171347,0.0113394,0.00617549,0.00304996,0.0219086,0.0118768,0.232454,0.0917322,0.0155474,0.0488454,0.0358017,0.114975,0.124369,0.235092,0.104985,0.107215,0.102808,0.0574113,0.0663759,
0.00171347,0.0113394,0.00617549,0.00304996,0.0219086,0.0118768,0.232454,0.0917322,0.0155474,0.0488454,0.0358017,0.114975,0.124369,0.235092,0.104985,0.107215,0.102808,0.0574113,0.0663759,0.0413964,
0.0113394,0.00617549,0.00304996,0.0219086,0.0118768,0.232454,0.0917322,0.0155474,0.0488454,0.0358017,0.114975,0.124369,0.235092,0.104985,0.107215,0.102808,0.0574113,0.0663759,0.0413964,0.0254176,
0.00617549,0.00304996,0.0219086,0.0118768,0.232454,0.0917322,0.0155474,0.0488454,0.0358017,0.114975,0.124369,0.235092,0.104985,0.107215,0.102808,0.0574113,0.0663759,0.0413964,0.0254176,0.00789682,
0.00304996,0.0219086,0.0118768,0.232454,0.0917322,0.0155474,0.0488454,0.0358017,0.114975,0.124369,0.235092,0.104985,0.107215,0.102808,0.0574113,0.0663759,0.0413964,0.0254176,0.00789682,0.0193303,
0.0219086,0.0118768,0.232454,0.0917322,0.0155474,0.0488454,0.0358017,0.114975,0.124369,0.235092,0.104985,0.107215,0.102808,0.0574113,0.0663759,0.0413964,0.0254176,0.00789682,0.0193303,0.0286653,
0.0118768,0.232454,0.0917322,0.0155474,0.0488454,0.0358017,0.114975,0.124369,0.235092,0.104985,0.107215,0.102808,0.0574113,0.0663759,0.0413964,0.0254176,0.00789682,0.0193303,0.0286653,0.0270172,
0.232454,0.0917322,0.0155474,0.0488454,0.0358017,0.114975,0.124369,0.235092,0.104985,0.107215,0.102808,0.0574113,0.0663759,0.0413964,0.0254176,0.00789682,0.0193303,0.0286653,0.0270172,0.0567689,
0.0917322,0.0155474,0.0488454,0.0358017,0.114975,0.124369,0.235092,0.104985,0.107215,0.102808,0.0574113,0.0663759,0.0413964,0.0254176,0.00789682,0.0193303,0.0286653,0.0270172,0.0567689,0.0310586,
0.0155474,0.0488454,0.0358017,0.114975,0.124369,0.235092,0.104985,0.107215,0.102808,0.0574113,0.0663759,0.0413964,0.0254176,0.00789682,0.0193303,0.0286653,0.0270172,0.0567689,0.0310586,0.0059031,
0.0488454,0.0358017,0.114975,0.124369,0.235092,0.104985,0.107215,0.102808,0.0574113,0.0663759,0.0413964,0.0254176,0.00789682,0.0193303,0.0286653,0.0270172,0.0567689,0.0310586,0.0059031,0.0175277,
0.0358017,0.114975,0.124369,0.235092,0.104985,0.107215,0.102808,0.0574113,0.0663759,0.0413964,0.0254176,0.00789682,0.0193303,0.0286653,0.0270172,0.0567689,0.0310586,0.0059031,0.0175277,0.0745733,
0.114975,0.124369,0.235092,0.104985,0.107215,0.102808,0.0574113,0.0663759,0.0413964,0.0254176,0.00789682,0.0193303,0.0286653,0.0270172,0.0567689,0.0310586,0.0059031,0.0175277,0.0745733,0.0683554,
0.124369,0.235092,0.104985,0.107215,0.102808,0.0574113,0.0663759,0.0413964,0.0254176,0.00789682,0.0193303,0.0286653,0.0270172,0.0567689,0.0310586,0.0059031,0.0175277,0.0745733,0.0683554,0.0127685,
0.235092,0.104985,0.107215,0.102808,0.0574113,0.0663759,0.0413964,0.0254176,0.00789682,0.0193303,0.0286653,0.0270172,0.0567689,0.0310586,0.0059031,0.0175277,0.0745733,0.0683554,0.0127685,0.0317791,
0.104985,0.107215,0.102808,0.0574113,0.0663759,0.0413964,0.0254176,0.00789682,0.0193303,0.0286653,0.0270172,0.0567689,0.0310586,0.0059031,0.0175277,0.0745733,0.0683554,0.0127685,0.0317791,0.257901,
0.107215,0.102808,0.0574113,0.0663759,0.0413964,0.0254176,0.00789682,0.0193303,0.0286653,0.0270172,0.0567689,0.0310586,0.0059031,0.0175277,0.0745733,0.0683554,0.0127685,0.0317791,0.257901,0.44774,
0.102808,0.0574113,0.0663759,0.0413964,0.0254176,0.00789682,0.0193303,0.0286653,0.0270172,0.0567689,0.0310586,0.0059031,0.0175277,0.0745733,0.0683554,0.0127685,0.0317791,0.257901,0.44774,0.355084,
0.0574113,0.0663759,0.0413964,0.0254176,0.00789682,0.0193303,0.0286653,0.0270172,0.0567689,0.0310586,0.0059031,0.0175277,0.0745733,0.0683554,0.0127685,0.0317791,0.257901,0.44774,0.355084,0.673889,
0.0663759,0.0413964,0.0254176,0.00789682,0.0193303,0.0286653,0.0270172,0.0567689,0.0310586,0.0059031,0.0175277,0.0745733,0.0683554,0.0127685,0.0317791,0.257901,0.44774,0.355084,0.673889,0.540334,
0.0413964,0.0254176,0.00789682,0.0193303,0.0286653,0.0270172,0.0567689,0.0310586,0.0059031,0.0175277,0.0745733,0.0683554,0.0127685,0.0317791,0.257901,0.44774,0.355084,0.673889,0.540334,0.847822,
0.0254176,0.00789682,0.0193303,0.0286653,0.0270172,0.0567689,0.0310586,0.0059031,0.0175277,0.0745733,0.0683554,0.0127685,0.0317791,0.257901,0.44774,0.355084,0.673889,0.540334,0.847822,0.738638,
0.00789682,0.0193303,0.0286653,0.0270172,0.0567689,0.0310586,0.0059031,0.0175277,0.0745733,0.0683554,0.0127685,0.0317791,0.257901,0.44774,0.355084,0.673889,0.540334,0.847822,0.738638,0.697975,
0.0193303,0.0286653,0.0270172,0.0567689,0.0310586,0.0059031,0.0175277,0.0745733,0.0683554,0.0127685,0.0317791,0.257901,0.44774,0.355084,0.673889,0.540334,0.847822,0.738638,0.697975,0.836773,
0.0286653,0.0270172,0.0567689,0.0310586,0.0059031,0.0175277,0.0745733,0.0683554,0.0127685,0.0317791,0.257901,0.44774,0.355084,0.673889,0.540334,0.847822,0.738638,0.697975,0.836773,0.440545,
0.0270172,0.0567689,0.0310586,0.0059031,0.0175277,0.0745733,0.0683554,0.0127685,0.0317791,0.257901,0.44774,0.355084,0.673889,0.540334,0.847822,0.738638,0.697975,0.836773,0.440545,0.55155,
0.0567689,0.0310586,0.0059031,0.0175277,0.0745733,0.0683554,0.0127685,0.0317791,0.257901,0.44774,0.355084,0.673889,0.540334,0.847822,0.738638,0.697975,0.836773,0.440545,0.55155,0.407317,
0.0310586,0.0059031,0.0175277,0.0745733,0.0683554,0.0127685,0.0317791,0.257901,0.44774,0.355084,0.673889,0.540334,0.847822,0.738638,0.697975,0.836773,0.440545,0.55155,0.407317,0.170099,
0.0059031,0.0175277,0.0745733,0.0683554,0.0127685,0.0317791,0.257901,0.44774,0.355084,0.673889,0.540334,0.847822,0.738638,0.697975,0.836773,0.440545,0.55155,0.407317,0.170099,0.731307,
0.0175277,0.0745733,0.0683554,0.0127685,0.0317791,0.257901,0.44774,0.355084,0.673889,0.540334,0.847822,0.738638,0.697975,0.836773,0.440545,0.55155,0.407317,0.170099,0.731307,1.41247,
0.0745733,0.0683554,0.0127685,0.0317791,0.257901,0.44774,0.355084,0.673889,0.540334,0.847822,0.738638,0.697975,0.836773,0.440545,0.55155,0.407317,0.170099,0.731307,1.41247,1.19909,
0.0683554,0.0127685,0.0317791,0.257901,0.44774,0.355084,0.673889,0.540334,0.847822,0.738638,0.697975,0.836773,0.440545,0.55155,0.407317,0.170099,0.731307,1.41247,1.19909,0.375055,
0.0127685,0.0317791,0.257901,0.44774,0.355084,0.673889,0.540334,0.847822,0.738638,0.697975,0.836773,0.440545,0.55155,0.407317,0.170099,0.731307,1.41247,1.19909,0.375055,0.057118,
0.0317791,0.257901,0.44774,0.355084,0.673889,0.540334,0.847822,0.738638,0.697975,0.836773,0.440545,0.55155,0.407317,0.170099,0.731307,1.41247,1.19909,0.375055,0.057118,0.119288,
0.257901,0.44774,0.355084,0.673889,0.540334,0.847822,0.738638,0.697975,0.836773,0.440545,0.55155,0.407317,0.170099,0.731307,1.41247,1.19909,0.375055,0.057118,0.119288,0.55309,
0.44774,0.355084,0.673889,0.540334,0.847822,0.738638,0.697975,0.836773,0.440545,0.55155,0.407317,0.170099,0.731307,1.41247,1.19909,0.375055,0.057118,0.119288,0.55309,0.470631,
0.355084,0.673889,0.540334,0.847822,0.738638,0.697975,0.836773,0.440545,0.55155,0.407317,0.170099,0.731307,1.41247,1.19909,0.375055,0.057118,0.119288,0.55309,0.470631,0.51434,
0.673889,0.540334,0.847822,0.738638,0.697975,0.836773,0.440545,0.55155,0.407317,0.170099,0.731307,1.41247,1.19909,0.375055,0.057118,0.119288,0.55309,0.470631,0.51434,0.48302,
0.540334,0.847822,0.738638,0.697975,0.836773,0.440545,0.55155,0.407317,0.170099,0.731307,1.41247,1.19909,0.375055,0.057118,0.119288,0.55309,0.470631,0.51434,0.48302,0.626247,
0.847822,0.738638,0.697975,0.836773,0.440545,0.55155,0.407317,0.170099,0.731307,1.41247,1.19909,0.375055,0.057118,0.119288,0.55309,0.470631,0.51434,0.48302,0.626247,0.43241,
0.738638,0.697975,0.836773,0.440545,0.55155,0.407317,0.170099,0.731307,1.41247,1.19909,0.375055,0.057118,0.119288,0.55309,0.470631,0.51434,0.48302,0.626247,0.43241,0.738082,
0.697975,0.836773,0.440545,0.55155,0.407317,0.170099,0.731307,1.41247,1.19909,0.375055,0.057118,0.119288,0.55309,0.470631,0.51434,0.48302,0.626247,0.43241,0.738082,0.498225,
0.836773,0.440545,0.55155,0.407317,0.170099,0.731307,1.41247,1.19909,0.375055,0.057118,0.119288,0.55309,0.470631,0.51434,0.48302,0.626247,0.43241,0.738082,0.498225,0.404914,
0.440545,0.55155,0.407317,0.170099,0.731307,1.41247,1.19909,0.375055,0.057118,0.119288,0.55309,0.470631,0.51434,0.48302,0.626247,0.43241,0.738082,0.498225,0.404914,0.208342,
0.55155,0.407317,0.170099,0.731307,1.41247,1.19909,0.375055,0.057118,0.119288,0.55309,0.470631,0.51434,0.48302,0.626247,0.43241,0.738082,0.498225,0.404914,0.208342,0.349934,
0.407317,0.170099,0.731307,1.41247,1.19909,0.375055,0.057118,0.119288,0.55309,0.470631,0.51434,0.48302,0.626247,0.43241,0.738082,0.498225,0.404914,0.208342,0.349934,0.923562,
0.170099,0.731307,1.41247,1.19909,0.375055,0.057118,0.119288,0.55309,0.470631,0.51434,0.48302,0.626247,0.43241,0.738082,0.498225,0.404914,0.208342,0.349934,0.923562,0.611803,
0.731307,1.41247,1.19909,0.375055,0.057118,0.119288,0.55309,0.470631,0.51434,0.48302,0.626247,0.43241,0.738082,0.498225,0.404914,0.208342,0.349934,0.923562,0.611803,0.613498,
1.41247,1.19909,0.375055,0.057118,0.119288,0.55309,0.470631,0.51434,0.48302,0.626247,0.43241,0.738082,0.498225,0.404914,0.208342,0.349934,0.923562,0.611803,0.613498,1.04018,
1.19909,0.375055,0.057118,0.119288,0.55309,0.470631,0.51434,0.48302,0.626247,0.43241,0.738082,0.498225,0.404914,0.208342,0.349934,0.923562,0.611803,0.613498,1.04018,0.77105,
0.375055,0.057118,0.119288,0.55309,0.470631,0.51434,0.48302,0.626247,0.43241,0.738082,0.498225,0.404914,0.208342,0.349934,0.923562,0.611803,0.613498,1.04018,0.77105,0.512248,
0.057118,0.119288,0.55309,0.470631,0.51434,0.48302,0.626247,0.43241,0.738082,0.498225,0.404914,0.208342,0.349934,0.923562,0.611803,0.613498,1.04018,0.77105,0.512248,0.0666053,
0.119288,0.55309,0.470631,0.51434,0.48302,0.626247,0.43241,0.738082,0.498225,0.404914,0.208342,0.349934,0.923562,0.611803,0.613498,1.04018,0.77105,0.512248,0.0666053,0.151395,
0.55309,0.470631,0.51434,0.48302,0.626247,0.43241,0.738082,0.498225,0.404914,0.208342,0.349934,0.923562,0.611803,0.613498,1.04018,0.77105,0.512248,0.0666053,0.151395,0.0935597,
0.470631,0.51434,0.48302,0.626247,0.43241,0.738082,0.498225,0.404914,0.208342,0.349934,0.923562,0.611803,0.613498,1.04018,0.77105,0.512248,0.0666053,0.151395,0.0935597,0.503921,
0.51434,0.48302,0.626247,0.43241,0.738082,0.498225,0.404914,0.208342,0.349934,0.923562,0.611803,0.613498,1.04018,0.77105,0.512248,0.0666053,0.151395,0.0935597,0.503921,0.492273,
0.48302,0.626247,0.43241,0.738082,0.498225,0.404914,0.208342,0.349934,0.923562,0.611803,0.613498,1.04018,0.77105,0.512248,0.0666053,0.151395,0.0935597,0.503921,0.492273,0.665187,
0.626247,0.43241,0.738082,0.498225,0.404914,0.208342,0.349934,0.923562,0.611803,0.613498,1.04018,0.77105,0.512248,0.0666053,0.151395,0.0935597,0.503921,0.492273,0.665187,0.499156,
0.43241,0.738082,0.498225,0.404914,0.208342,0.349934,0.923562,0.611803,0.613498,1.04018,0.77105,0.512248,0.0666053,0.151395,0.0935597,0.503921,0.492273,0.665187,0.499156,0.419933,
0.738082,0.498225,0.404914,0.208342,0.349934,0.923562,0.611803,0.613498,1.04018,0.77105,0.512248,0.0666053,0.151395,0.0935597,0.503921,0.492273,0.665187,0.499156,0.419933,0.182233,
0.498225,0.404914,0.208342,0.349934,0.923562,0.611803,0.613498,1.04018,0.77105,0.512248,0.0666053,0.151395,0.0935597,0.503921,0.492273,0.665187,0.499156,0.419933,0.182233,0.305105,
0.404914,0.208342,0.349934,0.923562,0.611803,0.613498,1.04018,0.77105,0.512248,0.0666053,0.151395,0.0935597,0.503921,0.492273,0.665187,0.499156,0.419933,0.182233,0.305105,0.424637,
0.208342,0.349934,0.923562,0.611803,0.613498,1.04018,0.77105,0.512248,0.0666053,0.151395,0.0935597,0.503921,0.492273,0.665187,0.499156,0.419933,0.182233,0.305105,0.424637,0.698586,
0.349934,0.923562,0.611803,0.613498,1.04018,0.77105,0.512248,0.0666053,0.151395,0.0935597,0.503921,0.492273,0.665187,0.499156,0.419933,0.182233,0.305105,0.424637,0.698586,0.95735,
0.923562,0.611803,0.613498,1.04018,0.77105,0.512248,0.0666053,0.151395,0.0935597,0.503921,0.492273,0.665187,0.499156,0.419933,0.182233,0.305105,0.424637,0.698586,0.95735,0.95841,
0.611803,0.613498,1.04018,0.77105,0.512248,0.0666053,0.151395,0.0935597,0.503921,0.492273,0.665187,0.499156,0.419933,0.182233,0.305105,0.424637,0.698586,0.95735,0.95841,0.592722,
0.613498,1.04018,0.77105,0.512248,0.0666053,0.151395,0.0935597,0.503921,0.492273,0.665187,0.499156,0.419933,0.182233,0.305105,0.424637,0.698586,0.95735,0.95841,0.592722,0.284595,
1.04018,0.77105,0.512248,0.0666053,0.151395,0.0935597,0.503921,0.492273,0.665187,0.499156,0.419933,0.182233,0.305105,0.424637,0.698586,0.95735,0.95841,0.592722,0.284595,0.263178,
0.77105,0.512248,0.0666053,0.151395,0.0935597,0.503921,0.492273,0.665187,0.499156,0.419933,0.182233,0.305105,0.424637,0.698586,0.95735,0.95841,0.592722,0.284595,0.263178,0.480676,
0.512248,0.0666053,0.151395,0.0935597,0.503921,0.492273,0.665187,0.499156,0.419933,0.182233,0.305105,0.424637,0.698586,0.95735,0.95841,0.592722,0.284595,0.263178,0.480676,0.501532,
0.0666053,0.151395,0.0935597,0.503921,0.492273,0.665187,0.499156,0.419933,0.182233,0.305105,0.424637,0.698586,0.95735,0.95841,0.592722,0.284595,0.263178,0.480676,0.501532,0.807909,
0.151395,0.0935597,0.503921,0.492273,0.665187,0.499156,0.419933,0.182233,0.305105,0.424637,0.698586,0.95735,0.95841,0.592722,0.284595,0.263178,0.480676,0.501532,0.807909,0.769651,
0.0935597,0.503921,0.492273,0.665187,0.499156,0.419933,0.182233,0.305105,0.424637,0.698586,0.95735,0.95841,0.592722,0.284595,0.263178,0.480676,0.501532,0.807909,0.769651,1.13037,
0.503921,0.492273,0.665187,0.499156,0.419933,0.182233,0.305105,0.424637,0.698586,0.95735,0.95841,0.592722,0.284595,0.263178,0.480676,0.501532,0.807909,0.769651,1.13037,1.89159,
0.492273,0.665187,0.499156,0.419933,0.182233,0.305105,0.424637,0.698586,0.95735,0.95841,0.592722,0.284595,0.263178,0.480676,0.501532,0.807909,0.769651,1.13037,1.89159,1.82171,
0.665187,0.499156,0.419933,0.182233,0.305105,0.424637,0.698586,0.95735,0.95841,0.592722,0.284595,0.263178,0.480676,0.501532,0.807909,0.769651,1.13037,1.89159,1.82171,1.32409,
0.499156,0.419933,0.182233,0.305105,0.424637,0.698586,0.95735,0.95841,0.592722,0.284595,0.263178,0.480676,0.501532,0.807909,0.769651,1.13037,1.89159,1.82171,1.32409,0.939696,
0.419933,0.182233,0.305105,0.424637,0.698586,0.95735,0.95841,0.592722,0.284595,0.263178,0.480676,0.501532,0.807909,0.769651,1.13037,1.89159,1.82171,1.32409,0.939696,0.959211,
0.182233,0.305105,0.424637,0.698586,0.95735,0.95841,0.592722,0.284595,0.263178,0.480676,0.501532,0.807909,0.769651,1.13037,1.89159,1.82171,1.32409,0.939696,0.959211,0.916916,
0.305105,0.424637,0.698586,0.95735,0.95841,0.592722,0.284595,0.263178,0.480676,0.501532,0.807909,0.769651,1.13037,1.89159,1.82171,1.32409,0.939696,0.959211,0.916916,0.746647,
0.424637,0.698586,0.95735,0.95841,0.592722,0.284595,0.263178,0.480676,0.501532,0.807909,0.769651,1.13037,1.89159,1.82171,1.32409,0.939696,0.959211,0.916916,0.746647,0.758101,
0.698586,0.95735,0.95841,0.592722,0.284595,0.263178,0.480676,0.501532,0.807909,0.769651,1.13037,1.89159,1.82171,1.32409,0.939696,0.959211,0.916916,0.746647,0.758101,0.862345,
0.95735,0.95841,0.592722,0.284595,0.263178,0.480676,0.501532,0.807909,0.769651,1.13037,1.89159,1.82171,1.32409,0.939696,0.959211,0.916916,0.746647,0.758101,0.862345,0.823492,
0.95841,0.592722,0.284595,0.263178,0.480676,0.501532,0.807909,0.769651,1.13037,1.89159,1.82171,1.32409,0.939696,0.959211,0.916916,0.746647,0.758101,0.862345,0.823492,0.794889,
0.592722,0.284595,0.263178,0.480676,0.501532,0.807909,0.769651,1.13037,1.89159,1.82171,1.32409,0.939696,0.959211,0.916916,0.746647,0.758101,0.862345,0.823492,0.794889,1.05966,
0.284595,0.263178,0.480676,0.501532,0.807909,0.769651,1.13037,1.89159,1.82171,1.32409,0.939696,0.959211,0.916916,0.746647,0.758101,0.862345,0.823492,0.794889,1.05966,1.04256,
0.263178,0.480676,0.501532,0.807909,0.769651,1.13037,1.89159,1.82171,1.32409,0.939696,0.959211,0.916916,0.746647,0.758101,0.862345,0.823492,0.794889,1.05966,1.04256,0.847923,
0.480676,0.501532,0.807909,0.769651,1.13037,1.89159,1.82171,1.32409,0.939696,0.959211,0.916916,0.746647,0.758101,0.862345,0.823492,0.794889,1.05966,1.04256,0.847923,0.649876,
0.501532,0.807909,0.769651,1.13037,1.89159,1.82171,1.32409,0.939696,0.959211,0.916916,0.746647,0.758101,0.862345,0.823492,0.794889,1.05966,1.04256,0.847923,0.649876,0.230605,
0.807909,0.769651,1.13037,1.89159,1.82171,1.32409,0.939696,0.959211,0.916916,0.746647,0.758101,0.862345,0.823492,0.794889,1.05966,1.04256,0.847923,0.649876,0.230605,0.50186,
0.769651,1.13037,1.89159,1.82171,1.32409,0.939696,0.959211,0.916916,0.746647,0.758101,0.862345,0.823492,0.794889,1.05966,1.04256,0.847923,0.649876,0.230605,0.50186,0.736429,
1.13037,1.89159,1.82171,1.32409,0.939696,0.959211,0.916916,0.746647,0.758101,0.862345,0.823492,0.794889,1.05966,1.04256,0.847923,0.649876,0.230605,0.50186,0.736429,0.64554,
1.89159,1.82171,1.32409,0.939696,0.959211,0.916916,0.746647,0.758101,0.862345,0.823492,0.794889,1.05966,1.04256,0.847923,0.649876,0.230605,0.50186,0.736429,0.64554,1.59183,
1.82171,1.32409,0.939696,0.959211,0.916916,0.746647,0.758101,0.862345,0.823492,0.794889,1.05966,1.04256,0.847923,0.649876,0.230605,0.50186,0.736429,0.64554,1.59183,2.21004,
1.32409,0.939696,0.959211,0.916916,0.746647,0.758101,0.862345,0.823492,0.794889,1.05966,1.04256,0.847923,0.649876,0.230605,0.50186,0.736429,0.64554,1.59183,2.21004,0.526815,
0.939696,0.959211,0.916916,0.746647,0.758101,0.862345,0.823492,0.794889,1.05966,1.04256,0.847923,0.649876,0.230605,0.50186,0.736429,0.64554,1.59183,2.21004,0.526815,0.219618,
0.959211,0.916916,0.746647,0.758101,0.862345,0.823492,0.794889,1.05966,1.04256,0.847923,0.649876,0.230605,0.50186,0.736429,0.64554,1.59183,2.21004,0.526815,0.219618,0.218399,
0.916916,0.746647,0.758101,0.862345,0.823492,0.794889,1.05966,1.04256,0.847923,0.649876,0.230605,0.50186,0.736429,0.64554,1.59183,2.21004,0.526815,0.219618,0.218399,0.575862,
0.746647,0.758101,0.862345,0.823492,0.794889,1.05966,1.04256,0.847923,0.649876,0.230605,0.50186,0.736429,0.64554,1.59183,2.21004,0.526815,0.219618,0.218399,0.575862,0.260364,
0.758101,0.862345,0.823492,0.794889,1.05966,1.04256,0.847923,0.649876,0.230605,0.50186,0.736429,0.64554,1.59183,2.21004,0.526815,0.219618,0.218399,0.575862,0.260364,0.250679,
0.862345,0.823492,0.794889,1.05966,1.04256,0.847923,0.649876,0.230605,0.50186,0.736429,0.64554,1.59183,2.21004,0.526815,0.219618,0.218399,0.575862,0.260364,0.250679,0.52834,
0.823492,0.794889,1.05966,1.04256,0.847923,0.649876,0.230605,0.50186,0.736429,0.64554,1.59183,2.21004,0.526815,0.219618,0.218399,0.575862,0.260364,0.250679,0.52834,0.67945,
0.794889,1.05966,1.04256,0.847923,0.649876,0.230605,0.50186,0.736429,0.64554,1.59183,2.21004,0.526815,0.219618,0.218399,0.575862,0.260364,0.250679,0.52834,0.67945,0.116552,
1.05966,1.04256,0.847923,0.649876,0.230605,0.50186,0.736429,0.64554,1.59183,2.21004,0.526815,0.219618,0.218399,0.575862,0.260364,0.250679,0.52834,0.67945,0.116552,7.09916,
1.04256,0.847923,0.649876,0.230605,0.50186,0.736429,0.64554,1.59183,2.21004,0.526815,0.219618,0.218399,0.575862,0.260364,0.250679,0.52834,0.67945,0.116552,7.09916,5.46412,
0.847923,0.649876,0.230605,0.50186,0.736429,0.64554,1.59183,2.21004,0.526815,0.219618,0.218399,0.575862,0.260364,0.250679,0.52834,0.67945,0.116552,7.09916,5.46412,0.256166,
0.649876,0.230605,0.50186,0.736429,0.64554,1.59183,2.21004,0.526815,0.219618,0.218399,0.575862,0.260364,0.250679,0.52834,0.67945,0.116552,7.09916,5.46412,0.256166,0.346594,
0.230605,0.50186,0.736429,0.64554,1.59183,2.21004,0.526815,0.219618,0.218399,0.575862,0.260364,0.250679,0.52834,0.67945,0.116552,7.09916,5.46412,0.256166,0.346594,0.150559,
0.50186,0.736429,0.64554,1.59183,2.21004,0.526815,0.219618,0.218399,0.575862,0.260364,0.250679,0.52834,0.67945,0.116552,7.09916,5.46412,0.256166,0.346594,0.150559,7.76385,
0.736429,0.64554,1.59183,2.21004,0.526815,0.219618,0.218399,0.575862,0.260364,0.250679,0.52834,0.67945,0.116552,7.09916,5.46412,0.256166,0.346594,0.150559,7.76385,8.52313,
0.64554,1.59183,2.21004,0.526815,0.219618,0.218399,0.575862,0.260364,0.250679,0.52834,0.67945,0.116552,7.09916,5.46412,0.256166,0.346594,0.150559,7.76385,8.52313,6.87353,
1.59183,2.21004,0.526815,0.219618,0.218399,0.575862,0.260364,0.250679,0.52834,0.67945,0.116552,7.09916,5.46412,0.256166,0.346594,0.150559,7.76385,8.52313,6.87353,5.15364,
2.21004,0.526815,0.219618,0.218399,0.575862,0.260364,0.250679,0.52834,0.67945,0.116552,7.09916,5.46412,0.256166,0.346594,0.150559,7.76385,8.52313,6.87353,5.15364,5.33484,
0.526815,0.219618,0.218399,0.575862,0.260364,0.250679,0.52834,0.67945,0.116552,7.09916,5.46412,0.256166,0.346594,0.150559,7.76385,8.52313,6.87353,5.15364,5.33484,8.40556,
0.219618,0.218399,0.575862,0.260364,0.250679,0.52834,0.67945,0.116552,7.09916,5.46412,0.256166,0.346594,0.150559,7.76385,8.52313,6.87353,5.15364,5.33484,8.40556,8.48501,
0.218399,0.575862,0.260364,0.250679,0.52834,0.67945,0.116552,7.09916,5.46412,0.256166,0.346594,0.150559,7.76385,8.52313,6.87353,5.15364,5.33484,8.40556,8.48501,14.306,
0.575862,0.260364,0.250679,0.52834,0.67945,0.116552,7.09916,5.46412,0.256166,0.346594,0.150559,7.76385,8.52313,6.87353,5.15364,5.33484,8.40556,8.48501,14.306,12.1206,
0.260364,0.250679,0.52834,0.67945,0.116552,7.09916,5.46412,0.256166,0.346594,0.150559,7.76385,8.52313,6.87353,5.15364,5.33484,8.40556,8.48501,14.306,12.1206,5.88757,
0.250679,0.52834,0.67945,0.116552,7.09916,5.46412,0.256166,0.346594,0.150559,7.76385,8.52313,6.87353,5.15364,5.33484,8.40556,8.48501,14.306,12.1206,5.88757,1.92342,
0.52834,0.67945,0.116552,7.09916,5.46412,0.256166,0.346594,0.150559,7.76385,8.52313,6.87353,5.15364,5.33484,8.40556,8.48501,14.306,12.1206,5.88757,1.92342,1.1375,
0.67945,0.116552,7.09916,5.46412,0.256166,0.346594,0.150559,7.76385,8.52313,6.87353,5.15364,5.33484,8.40556,8.48501,14.306,12.1206,5.88757,1.92342,1.1375,2.21664,
0.116552,7.09916,5.46412,0.256166,0.346594,0.150559,7.76385,8.52313,6.87353,5.15364,5.33484,8.40556,8.48501,14.306,12.1206,5.88757,1.92342,1.1375,2.21664,0.688513,
7.09916,5.46412,0.256166,0.346594,0.150559,7.76385,8.52313,6.87353,5.15364,5.33484,8.40556,8.48501,14.306,12.1206,5.88757,1.92342,1.1375,2.21664,0.688513,0.0660799,
5.46412,0.256166,0.346594,0.150559,7.76385,8.52313,6.87353,5.15364,5.33484,8.40556,8.48501,14.306,12.1206,5.88757,1.92342,1.1375,2.21664,0.688513,0.0660799,4.86085,
0.256166,0.346594,0.150559,7.76385,8.52313,6.87353,5.15364,5.33484,8.40556,8.48501,14.306,12.1206,5.88757,1.92342,1.1375,2.21664,0.688513,0.0660799,4.86085,4.21886,
0.346594,0.150559,7.76385,8.52313,6.87353,5.15364,5.33484,8.40556,8.48501,14.306,12.1206,5.88757,1.92342,1.1375,2.21664,0.688513,0.0660799,4.86085,4.21886,2.10418,
0.150559,7.76385,8.52313,6.87353,5.15364,5.33484,8.40556,8.48501,14.306,12.1206,5.88757,1.92342,1.1375,2.21664,0.688513,0.0660799,4.86085,4.21886,2.10418,1.20609,
7.76385,8.52313,6.87353,5.15364,5.33484,8.40556,8.48501,14.306,12.1206,5.88757,1.92342,1.1375,2.21664,0.688513,0.0660799,4.86085,4.21886,2.10418,1.20609,0.733096,
8.52313,6.87353,5.15364,5.33484,8.40556,8.48501,14.306,12.1206,5.88757,1.92342,1.1375,2.21664,0.688513,0.0660799,4.86085,4.21886,2.10418,1.20609,0.733096,0.509433,
6.87353,5.15364,5.33484,8.40556,8.48501,14.306,12.1206,5.88757,1.92342,1.1375,2.21664,0.688513,0.0660799,4.86085,4.21886,2.10418,1.20609,0.733096,0.509433,0.589896,
5.15364,5.33484,8.40556,8.48501,14.306,12.1206,5.88757,1.92342,1.1375,2.21664,0.688513,0.0660799,4.86085,4.21886,2.10418,1.20609,0.733096,0.509433,0.589896,3.1937,
5.33484,8.40556,8.48501,14.306,12.1206,5.88757,1.92342,1.1375,2.21664,0.688513,0.0660799,4.86085,4.21886,2.10418,1.20609,0.733096,0.509433,0.589896,3.1937,4.60217,
8.40556,8.48501,14.306,12.1206,5.88757,1.92342,1.1375,2.21664,0.688513,0.0660799,4.86085,4.21886,2.10418,1.20609,0.733096,0.509433,0.589896,3.1937,4.60217,3.11373,
8.48501,14.306,12.1206,5.88757,1.92342,1.1375,2.21664,0.688513,0.0660799,4.86085,4.21886,2.10418,1.20609,0.733096,0.509433,0.589896,3.1937,4.60217,3.11373,4.31438,
14.306,12.1206,5.88757,1.92342,1.1375,2.21664,0.688513,0.0660799,4.86085,4.21886,2.10418,1.20609,0.733096,0.509433,0.589896,3.1937,4.60217,3.11373,4.31438,7.6991,
12.1206,5.88757,1.92342,1.1375,2.21664,0.688513,0.0660799,4.86085,4.21886,2.10418,1.20609,0.733096,0.509433,0.589896,3.1937,4.60217,3.11373,4.31438,7.6991,5.96703,
5.88757,1.92342,1.1375,2.21664,0.688513,0.0660799,4.86085,4.21886,2.10418,1.20609,0.733096,0.509433,0.589896,3.1937,4.60217,3.11373,4.31438,7.6991,5.96703,1.76455,
1.92342,1.1375,2.21664,0.688513,0.0660799,4.86085,4.21886,2.10418,1.20609,0.733096,0.509433,0.589896,3.1937,4.60217,3.11373,4.31438,7.6991,5.96703,1.76455,9.13479,
1.1375,2.21664,0.688513,0.0660799,4.86085,4.21886,2.10418,1.20609,0.733096,0.509433,0.589896,3.1937,4.60217,3.11373,4.31438,7.6991,5.96703,1.76455,9.13479,10.0021,
2.21664,0.688513,0.0660799,4.86085,4.21886,2.10418,1.20609,0.733096,0.509433,0.589896,3.1937,4.60217,3.11373,4.31438,7.6991,5.96703,1.76455,9.13479,10.0021,0.43958,
0.688513,0.0660799,4.86085,4.21886,2.10418,1.20609,0.733096,0.509433,0.589896,3.1937,4.60217,3.11373,4.31438,7.6991,5.96703,1.76455,9.13479,10.0021,0.43958,13.2287,
0.0660799,4.86085,4.21886,2.10418,1.20609,0.733096,0.509433,0.589896,3.1937,4.60217,3.11373,4.31438,7.6991,5.96703,1.76455,9.13479,10.0021,0.43958,13.2287,9.7012,
4.86085,4.21886,2.10418,1.20609,0.733096,0.509433,0.589896,3.1937,4.60217,3.11373,4.31438,7.6991,5.96703,1.76455,9.13479,10.0021,0.43958,13.2287,9.7012,1.27095,
4.21886,2.10418,1.20609,0.733096,0.509433,0.589896,3.1937,4.60217,3.11373,4.31438,7.6991,5.96703,1.76455,9.13479,10.0021,0.43958,13.2287,9.7012,1.27095,3.87721,
2.10418,1.20609,0.733096,0.509433,0.589896,3.1937,4.60217,3.11373,4.31438,7.6991,5.96703,1.76455,9.13479,10.0021,0.43958,13.2287,9.7012,1.27095,3.87721,13.3348,
1.20609,0.733096,0.509433,0.589896,3.1937,4.60217,3.11373,4.31438,7.6991,5.96703,1.76455,9.13479,10.0021,0.43958,13.2287,9.7012,1.27095,3.87721,13.3348,7.4117,
0.733096,0.509433,0.589896,3.1937,4.60217,3.11373,4.31438,7.6991,5.96703,1.76455,9.13479,10.0021,0.43958,13.2287,9.7012,1.27095,3.87721,13.3348,7.4117,7.38204,
0.509433,0.589896,3.1937,4.60217,3.11373,4.31438,7.6991,5.96703,1.76455,9.13479,10.0021,0.43958,13.2287,9.7012,1.27095,3.87721,13.3348,7.4117,7.38204,3.65642,
0.589896,3.1937,4.60217,3.11373,4.31438,7.6991,5.96703,1.76455,9.13479,10.0021,0.43958,13.2287,9.7012,1.27095,3.87721,13.3348,7.4117,7.38204,3.65642,3.93789,
3.1937,4.60217,3.11373,4.31438,7.6991,5.96703,1.76455,9.13479,10.0021,0.43958,13.2287,9.7012,1.27095,3.87721,13.3348,7.4117,7.38204,3.65642,3.93789,5.32556,
4.60217,3.11373,4.31438,7.6991,5.96703,1.76455,9.13479,10.0021,0.43958,13.2287,9.7012,1.27095,3.87721,13.3348,7.4117,7.38204,3.65642,3.93789,5.32556,1.1292,
3.11373,4.31438,7.6991,5.96703,1.76455,9.13479,10.0021,0.43958,13.2287,9.7012,1.27095,3.87721,13.3348,7.4117,7.38204,3.65642,3.93789,5.32556,1.1292,0.91749,
4.31438,7.6991,5.96703,1.76455,9.13479,10.0021,0.43958,13.2287,9.7012,1.27095,3.87721,13.3348,7.4117,7.38204,3.65642,3.93789,5.32556,1.1292,0.91749,1.80677,
7.6991,5.96703,1.76455,9.13479,10.0021,0.43958,13.2287,9.7012,1.27095,3.87721,13.3348,7.4117,7.38204,3.65642,3.93789,5.32556,1.1292,0.91749,1.80677,1.3799,
5.96703,1.76455,9.13479,10.0021,0.43958,13.2287,9.7012,1.27095,3.87721,13.3348,7.4117,7.38204,3.65642,3.93789,5.32556,1.1292,0.91749,1.80677,1.3799,4.3917,
1.76455,9.13479,10.0021,0.43958,13.2287,9.7012,1.27095,3.87721,13.3348,7.4117,7.38204,3.65642,3.93789,5.32556,1.1292,0.91749,1.80677,1.3799,4.3917,6.46028,
9.13479,10.0021,0.43958,13.2287,9.7012,1.27095,3.87721,13.3348,7.4117,7.38204,3.65642,3.93789,5.32556,1.1292,0.91749,1.80677,1.3799,4.3917,6.46028,2.98171,
10.0021,0.43958,13.2287,9.7012,1.27095,3.87721,13.3348,7.4117,7.38204,3.65642,3.93789,5.32556,1.1292,0.91749,1.80677,1.3799,4.3917,6.46028,2.98171,2.57537,
0.43958,13.2287,9.7012,1.27095,3.87721,13.3348,7.4117,7.38204,3.65642,3.93789,5.32556,1.1292,0.91749,1.80677,1.3799,4.3917,6.46028,2.98171,2.57537,6.22072,
13.2287,9.7012,1.27095,3.87721,13.3348,7.4117,7.38204,3.65642,3.93789,5.32556,1.1292,0.91749,1.80677,1.3799,4.3917,6.46028,2.98171,2.57537,6.22072,6.4281,
9.7012,1.27095,3.87721,13.3348,7.4117,7.38204,3.65642,3.93789,5.32556,1.1292,0.91749,1.80677,1.3799,4.3917,6.46028,2.98171,2.57537,6.22072,6.4281,4.5683,
1.27095,3.87721,13.3348,7.4117,7.38204,3.65642,3.93789,5.32556,1.1292,0.91749,1.80677,1.3799,4.3917,6.46028,2.98171,2.57537,6.22072,6.4281,4.5683,5.50013,
3.87721,13.3348,7.4117,7.38204,3.65642,3.93789,5.32556,1.1292,0.91749,1.80677,1.3799,4.3917,6.46028,2.98171,2.57537,6.22072,6.4281,4.5683,5.50013,8.81479,
13.3348,7.4117,7.38204,3.65642,3.93789,5.32556,1.1292,0.91749,1.80677,1.3799,4.3917,6.46028,2.98171,2.57537,6.22072,6.4281,4.5683,5.50013,8.81479,9.97404,
7.4117,7.38204,3.65642,3.93789,5.32556,1.1292,0.91749,1.80677,1.3799,4.3917,6.46028,2.98171,2.57537,6.22072,6.4281,4.5683,5.50013,8.81479,9.97404,8.53726,
7.38204,3.65642,3.93789,5.32556,1.1292,0.91749,1.80677,1.3799,4.3917,6.46028,2.98171,2.57537,6.22072,6.4281,4.5683,5.50013,8.81479,9.97404,8.53726,7.42497,
3.65642,3.93789,5.32556,1.1292,0.91749,1.80677,1.3799,4.3917,6.46028,2.98171,2.57537,6.22072,6.4281,4.5683,5.50013,8.81479,9.97404,8.53726,7.42497,0.978327,
3.93789,5.32556,1.1292,0.91749,1.80677,1.3799,4.3917,6.46028,2.98171,2.57537,6.22072,6.4281,4.5683,5.50013,8.81479,9.97404,8.53726,7.42497,0.978327,5.51301,
5.32556,1.1292,0.91749,1.80677,1.3799,4.3917,6.46028,2.98171,2.57537,6.22072,6.4281,4.5683,5.50013,8.81479,9.97404,8.53726,7.42497,0.978327,5.51301,6.79288,
1.1292,0.91749,1.80677,1.3799,4.3917,6.46028,2.98171,2.57537,6.22072,6.4281,4.5683,5.50013,8.81479,9.97404,8.53726,7.42497,0.978327,5.51301,6.79288,3.33235,
0.91749,1.80677,1.3799,4.3917,6.46028,2.98171,2.57537,6.22072,6.4281,4.5683,5.50013,8.81479,9.97404,8.53726,7.42497,0.978327,5.51301,6.79288,3.33235,0.71956,
1.80677,1.3799,4.3917,6.46028,2.98171,2.57537,6.22072,6.4281,4.5683,5.50013,8.81479,9.97404,8.53726,7.42497,0.978327,5.51301,6.79288,3.33235,0.71956,0.561504,
1.3799,4.3917,6.46028,2.98171,2.57537,6.22072,6.4281,4.5683,5.50013,8.81479,9.97404,8.53726,7.42497,0.978327,5.51301,6.79288,3.33235,0.71956,0.561504,4.39059,
4.3917,6.46028,2.98171,2.57537,6.22072,6.4281,4.5683,5.50013,8.81479,9.97404,8.53726,7.42497,0.978327,5.51301,6.79288,3.33235,0.71956,0.561504,4.39059,2.28203,
6.46028,2.98171,2.57537,6.22072,6.4281,4.5683,5.50013,8.81479,9.97404,8.53726,7.42497,0.978327,5.51301,6.79288,3.33235,0.71956,0.561504,4.39059,2.28203,5.41851,
2.98171,2.57537,6.22072,6.4281,4.5683,5.50013,8.81479,9.97404,8.53726,7.42497,0.978327,5.51301,6.79288,3.33235,0.71956,0.561504,4.39059,2.28203,5.41851,7.30593,
2.57537,6.22072,6.4281,4.5683,5.50013,8.81479,9.97404,8.53726,7.42497,0.978327,5.51301,6.79288,3.33235,0.71956,0.561504,4.39059,2.28203,5.41851,7.30593,2.25995,
6.22072,6.4281,4.5683,5.50013,8.81479,9.97404,8.53726,7.42497,0.978327,5.51301,6.79288,3.33235,0.71956,0.561504,4.39059,2.28203,5.41851,7.30593,2.25995,1.31516,
6.4281,4.5683,5.50013,8.81479,9.97404,8.53726,7.42497,0.978327,5.51301,6.79288,3.33235,0.71956,0.561504,4.39059,2.28203,5.41851,7.30593,2.25995,1.31516,3.02038,
4.5683,5.50013,8.81479,9.97404,8.53726,7.42497,0.978327,5.51301,6.79288,3.33235,0.71956,0.561504,4.39059,2.28203,5.41851,7.30593,2.25995,1.31516,3.02038,2.71233,
5.50013,8.81479,9.97404,8.53726,7.42497,0.978327,5.51301,6.79288,3.33235,0.71956,0.561504,4.39059,2.28203,5.41851,7.30593,2.25995,1.31516,3.02038,2.71233,0.912566,
8.81479,9.97404,8.53726,7.42497,0.978327,5.51301,6.79288,3.33235,0.71956,0.561504,4.39059,2.28203,5.41851,7.30593,2.25995,1.31516,3.02038,2.71233,0.912566,4.07652,
9.97404,8.53726,7.42497,0.978327,5.51301,6.79288,3.33235,0.71956,0.561504,4.39059,2.28203,5.41851,7.30593,2.25995,1.31516,3.02038,2.71233,0.912566,4.07652,2.70315,
8.53726,7.42497,0.978327,5.51301,6.79288,3.33235,0.71956,0.561504,4.39059,2.28203,5.41851,7.30593,2.25995,1.31516,3.02038,2.71233,0.912566,4.07652,2.70315,1.17886,
7.42497,0.978327,5.51301,6.79288,3.33235,0.71956,0.561504,4.39059,2.28203,5.41851,7.30593,2.25995,1.31516,3.02038,2.71233,0.912566,4.07652,2.70315,1.17886,3.38685,
0.978327,5.51301,6.79288,3.33235,0.71956,0.561504,4.39059,2.28203,5.41851,7.30593,2.25995,1.31516,3.02038,2.71233,0.912566,4.07652,2.70315,1.17886,3.38685,2.79648,
5.51301,6.79288,3.33235,0.71956,0.561504,4.39059,2.28203,5.41851,7.30593,2.25995,1.31516,3.02038,2.71233,0.912566,4.07652,2.70315,1.17886,3.38685,2.79648,1.6929,
6.79288,3.33235,0.71956,0.561504,4.39059,2.28203,5.41851,7.30593,2.25995,1.31516,3.02038,2.71233,0.912566,4.07652,2.70315,1.17886,3.38685,2.79648,1.6929,1.04735,
3.33235,0.71956,0.561504,4.39059,2.28203,5.41851,7.30593,2.25995,1.31516,3.02038,2.71233,0.912566,4.07652,2.70315,1.17886,3.38685,2.79648,1.6929,1.04735,2.55858,
0.71956,0.561504,4.39059,2.28203,5.41851,7.30593,2.25995,1.31516,3.02038,2.71233,0.912566,4.07652,2.70315,1.17886,3.38685,2.79648,1.6929,1.04735,2.55858,2.58403,
0.561504,4.39059,2.28203,5.41851,7.30593,2.25995,1.31516,3.02038,2.71233,0.912566,4.07652,2.70315,1.17886,3.38685,2.79648,1.6929,1.04735,2.55858,2.58403,2.16802,
4.39059,2.28203,5.41851,7.30593,2.25995,1.31516,3.02038,2.71233,0.912566,4.07652,2.70315,1.17886,3.38685,2.79648,1.6929,1.04735,2.55858,2.58403,2.16802,2.43771,
2.28203,5.41851,7.30593,2.25995,1.31516,3.02038,2.71233,0.912566,4.07652,2.70315,1.17886,3.38685,2.79648,1.6929,1.04735,2.55858,2.58403,2.16802,2.43771,3.17898,
5.41851,7.30593,2.25995,1.31516,3.02038,2.71233,0.912566,4.07652,2.70315,1.17886,3.38685,2.79648,1.6929,1.04735,2.55858,2.58403,2.16802,2.43771,3.17898,2.74233,
7.30593,2.25995,1.31516,3.02038,2.71233,0.912566,4.07652,2.70315,1.17886,3.38685,2.79648,1.6929,1.04735,2.55858,2.58403,2.16802,2.43771,3.17898,2.74233,1.7066,
2.25995,1.31516,3.02038,2.71233,0.912566,4.07652,2.70315,1.17886,3.38685,2.79648,1.6929,1.04735,2.55858,2.58403,2.16802,2.43771,3.17898,2.74233,1.7066,2.06695,
1.31516,3.02038,2.71233,0.912566,4.07652,2.70315,1.17886,3.38685,2.79648,1.6929,1.04735,2.55858,2.58403,2.16802,2.43771,3.17898,2.74233,1.7066,2.06695,4.36599,
3.02038,2.71233,0.912566,4.07652,2.70315,1.17886,3.38685,2.79648,1.6929,1.04735,2.55858,2.58403,2.16802,2.43771,3.17898,2.74233,1.7066,2.06695,4.36599,5.5708,
2.71233,0.912566,4.07652,2.70315,1.17886,3.38685,2.79648,1.6929,1.04735,2.55858,2.58403,2.16802,2.43771,3.17898,2.74233,1.7066,2.06695,4.36599,5.5708,5.41751,
0.912566,4.07652,2.70315,1.17886,3.38685,2.79648,1.6929,1.04735,2.55858,2.58403,2.16802,2.43771,3.17898,2.74233,1.7066,2.06695,4.36599,5.5708,5.41751,1.17234,
4.07652,2.70315,1.17886,3.38685,2.79648,1.6929,1.04735,2.55858,2.58403,2.16802,2.43771,3.17898,2.74233,1.7066,2.06695,4.36599,5.5708,5.41751,1.17234,0.640184,
2.70315,1.17886,3.38685,2.79648,1.6929,1.04735,2.55858,2.58403,2.16802,2.43771,3.17898,2.74233,1.7066,2.06695,4.36599,5.5708,5.41751,1.17234,0.640184,0.316848,
1.17886,3.38685,2.79648,1.6929,1.04735,2.55858,2.58403,2.16802,2.43771,3.17898,2.74233,1.7066,2.06695,4.36599,5.5708,5.41751,1.17234,0.640184,0.316848,2.59115,
3.38685,2.79648,1.6929,1.04735,2.55858,2.58403,2.16802,2.43771,3.17898,2.74233,1.7066,2.06695,4.36599,5.5708,5.41751,1.17234,0.640184,0.316848,2.59115,4.64068,
2.79648,1.6929,1.04735,2.55858,2.58403,2.16802,2.43771,3.17898,2.74233,1.7066,2.06695,4.36599,5.5708,5.41751,1.17234,0.640184,0.316848,2.59115,4.64068,1.66456,
1.6929,1.04735,2.55858,2.58403,2.16802,2.43771,3.17898,2.74233,1.7066,2.06695,4.36599,5.5708,5.41751,1.17234,0.640184,0.316848,2.59115,4.64068,1.66456,2.49433,
1.04735,2.55858,2.58403,2.16802,2.43771,3.17898,2.74233,1.7066,2.06695,4.36599,5.5708,5.41751,1.17234,0.640184,0.316848,2.59115,4.64068,1.66456,2.49433,6.84187,
2.55858,2.58403,2.16802,2.43771,3.17898,2.74233,1.7066,2.06695,4.36599,5.5708,5.41751,1.17234,0.640184,0.316848,2.59115,4.64068,1.66456,2.49433,6.84187,8.19232,
2.58403,2.16802,2.43771,3.17898,2.74233,1.7066,2.06695,4.36599,5.5708,5.41751,1.17234,0.640184,0.316848,2.59115,4.64068,1.66456,2.49433,6.84187,8.19232,4.73243,
2.16802,2.43771,3.17898,2.74233,1.7066,2.06695,4.36599,5.5708,5.41751,1.17234,0.640184,0.316848,2.59115,4.64068,1.66456,2.49433,6.84187,8.19232,4.73243,5.08293,
2.43771,3.17898,2.74233,1.7066,2.06695,4.36599,5.5708,5.41751,1.17234,0.640184,0.316848,2.59115,4.64068,1.66456,2.49433,6.84187,8.19232,4.73243,5.08293,3.23946,
3.17898,2.74233,1.7066,2.06695,4.36599,5.5708,5.41751,1.17234,0.640184,0.316848,2.59115,4.64068,1.66456,2.49433,6.84187,8.19232,4.73243,5.08293,3.23946,2.63356,
2.74233,1.7066,2.06695,4.36599,5.5708,5.41751,1.17234,0.640184,0.316848,2.59115,4.64068,1.66456,2.49433,6.84187,8.19232,4.73243,5.08293,3.23946,2.63356,1.02875,
1.7066,2.06695,4.36599,5.5708,5.41751,1.17234,0.640184,0.316848,2.59115,4.64068,1.66456,2.49433,6.84187,8.19232,4.73243,5.08293,3.23946,2.63356,1.02875,0.50676,
2.06695,4.36599,5.5708,5.41751,1.17234,0.640184,0.316848,2.59115,4.64068,1.66456,2.49433,6.84187,8.19232,4.73243,5.08293,3.23946,2.63356,1.02875,0.50676,4.14372,
4.36599,5.5708,5.41751,1.17234,0.640184,0.316848,2.59115,4.64068,1.66456,2.49433,6.84187,8.19232,4.73243,5.08293,3.23946,2.63356,1.02875,0.50676,4.14372,6.91996,
5.5708,5.41751,1.17234,0.640184,0.316848,2.59115,4.64068,1.66456,2.49433,6.84187,8.19232,4.73243,5.08293,3.23946,2.63356,1.02875,0.50676,4.14372,6.91996,4.5513,
5.41751,1.17234,0.640184,0.316848,2.59115,4.64068,1.66456,2.49433,6.84187,8.19232,4.73243,5.08293,3.23946,2.63356,1.02875,0.50676,4.14372,6.91996,4.5513,3.8114,
1.17234,0.640184,0.316848,2.59115,4.64068,1.66456,2.49433,6.84187,8.19232,4.73243,5.08293,3.23946,2.63356,1.02875,0.50676,4.14372,6.91996,4.5513,3.8114,3.51177,
0.640184,0.316848,2.59115,4.64068,1.66456,2.49433,6.84187,8.19232,4.73243,5.08293,3.23946,2.63356,1.02875,0.50676,4.14372,6.91996,4.5513,3.8114,3.51177,3.56301,
0.316848,2.59115,4.64068,1.66456,2.49433,6.84187,8.19232,4.73243,5.08293,3.23946,2.63356,1.02875,0.50676,4.14372,6.91996,4.5513,3.8114,3.51177,3.56301,4.62562,
2.59115,4.64068,1.66456,2.49433,6.84187,8.19232,4.73243,5.08293,3.23946,2.63356,1.02875,0.50676,4.14372,6.91996,4.5513,3.8114,3.51177,3.56301,4.62562,2.69341,
4.64068,1.66456,2.49433,6.84187,8.19232,4.73243,5.08293,3.23946,2.63356,1.02875,0.50676,4.14372,6.91996,4.5513,3.8114,3.51177,3.56301,4.62562,2.69341,0.218774,
1.66456,2.49433,6.84187,8.19232,4.73243,5.08293,3.23946,2.63356,1.02875,0.50676,4.14372,6.91996,4.5513,3.8114,3.51177,3.56301,4.62562,2.69341,0.218774,3.36635,
2.49433,6.84187,8.19232,4.73243,5.08293,3.23946,2.63356,1.02875,0.50676,4.14372,6.91996,4.5513,3.8114,3.51177,3.56301,4.62562,2.69341,0.218774,3.36635,1.14778,
6.84187,8.19232,4.73243,5.08293,3.23946,2.63356,1.02875,0.50676,4.14372,6.91996,4.5513,3.8114,3.51177,3.56301,4.62562,2.69341,0.218774,3.36635,1.14778,3.69989,
8.19232,4.73243,5.08293,3.23946,2.63356,1.02875,0.50676,4.14372,6.91996,4.5513,3.8114,3.51177,3.56301,4.62562,2.69341,0.218774,3.36635,1.14778,3.69989,4.97397,
4.73243,5.08293,3.23946,2.63356,1.02875,0.50676,4.14372,6.91996,4.5513,3.8114,3.51177,3.56301,4.62562,2.69341,0.218774,3.36635,1.14778,3.69989,4.97397,5.11195,
5.08293,3.23946,2.63356,1.02875,0.50676,4.14372,6.91996,4.5513,3.8114,3.51177,3.56301,4.62562,2.69341,0.218774,3.36635,1.14778,3.69989,4.97397,5.11195,6.46059,
3.23946,2.63356,1.02875,0.50676,4.14372,6.91996,4.5513,3.8114,3.51177,3.56301,4.62562,2.69341,0.218774,3.36635,1.14778,3.69989,4.97397,5.11195,6.46059,5.5961,
2.63356,1.02875,0.50676,4.14372,6.91996,4.5513,3.8114,3.51177,3.56301,4.62562,2.69341,0.218774,3.36635,1.14778,3.69989,4.97397,5.11195,6.46059,5.5961,0.154206,
1.02875,0.50676,4.14372,6.91996,4.5513,3.8114,3.51177,3.56301,4.62562,2.69341,0.218774,3.36635,1.14778,3.69989,4.97397,5.11195,6.46059,5.5961,0.154206,2.18384,
0.50676,4.14372,6.91996,4.5513,3.8114,3.51177,3.56301,4.62562,2.69341,0.218774,3.36635,1.14778,3.69989,4.97397,5.11195,6.46059,5.5961,0.154206,2.18384,3.09996,
